"","1CMET2-PWY: folate transformations III (E. coli)","3-HYDROXYPHENYLACETATE-DEGRADATION-PWY: 4-hydroxyphenylacetate degradation","AEROBACTINSYN-PWY: aerobactin biosynthesis","ALLANTOINDEG-PWY: superpathway of allantoin degradation in yeast","ANAEROFRUCAT-PWY: homolactic fermentation","ANAGLYCOLYSIS-PWY: glycolysis III (from glucose)","ARG+POLYAMINE-SYN: superpathway of arginine and polyamine biosynthesis","ARGDEG-PWY: superpathway of L-arginine, putrescine, and 4-aminobutanoate degradation","ARGININE-SYN4-PWY: L-ornithine biosynthesis II","ARGSYN-PWY: L-arginine biosynthesis I (via L-ornithine)","ARGSYNBSUB-PWY: L-arginine biosynthesis II (acetyl cycle)","ARO-PWY: chorismate biosynthesis I","ASPASN-PWY: superpathway of L-aspartate and L-asparagine biosynthesis","AST-PWY: L-arginine degradation II (AST pathway)","BIOTIN-BIOSYNTHESIS-PWY: biotin biosynthesis I","BRANCHED-CHAIN-AA-SYN-PWY: superpathway of branched chain amino acid biosynthesis","CALVIN-PWY: Calvin-Benson-Bassham cycle","CATECHOL-ORTHO-CLEAVAGE-PWY: catechol degradation to &beta;-ketoadipate","CENTFERM-PWY: pyruvate fermentation to butanoate","CHLOROPHYLL-SYN: 3,8-divinyl-chlorophyllide a biosynthesis I (aerobic, light-dependent)","CITRULBIO-PWY: L-citrulline biosynthesis","COA-PWY-1: superpathway of coenzyme A biosynthesis III (mammals)","COA-PWY: coenzyme A biosynthesis I (prokaryotic)","COBALSYN-PWY: superpathway of adenosylcobalamin salvage from cobinamide I","COLANSYN-PWY: colanic acid building blocks biosynthesis","COMPLETE-ARO-PWY: superpathway of aromatic amino acid biosynthesis","DAPLYSINESYN-PWY: L-lysine biosynthesis I","DARABCATK12-PWY: D-arabinose degradation I","DTDPRHAMSYN-PWY: dTDP-&beta;-L-rhamnose biosynthesis","ECASYN-PWY: enterobacterial common antigen biosynthesis","FAO-PWY: fatty acid &beta;-oxidation I (generic)","FASYN-ELONG-PWY: fatty acid elongation -- saturated","FERMENTATION-PWY: mixed acid fermentation","FOLSYN-PWY: superpathway of tetrahydrofolate biosynthesis and salvage","FUC-RHAMCAT-PWY: superpathway of fucose and rhamnose degradation","FUCCAT-PWY: fucose degradation","GALACT-GLUCUROCAT-PWY: superpathway of hexuronide and hexuronate degradation","GALACTARDEG-PWY: D-galactarate degradation I","GALACTITOLCAT-PWY: galactitol degradation","GALACTUROCAT-PWY: D-galacturonate degradation I","GLCMANNANAUT-PWY: superpathway of N-acetylglucosamine, N-acetylmannosamine and N-acetylneuraminate degradation","GLUCARDEG-PWY: D-glucarate degradation I","GLUCARGALACTSUPER-PWY: superpathway of D-glucarate and D-galactarate degradation","GLUCONEO-PWY: gluconeogenesis I","GLUCOSE1PMETAB-PWY: glucose and glucose-1-phosphate degradation","GLUCUROCAT-PWY: superpathway of &beta;-D-glucuronosides degradation","GLUDEG-I-PWY: GABA shunt","GLUTORN-PWY: L-ornithine biosynthesis I","GLYCOCAT-PWY: glycogen degradation I","GLYCOGENSYNTH-PWY: glycogen biosynthesis I (from ADP-D-Glucose)","GLYCOL-GLYOXDEG-PWY: superpathway of glycol metabolism and degradation","GLYCOLYSIS-E-D: superpathway of glycolysis and the Entner-Doudoroff pathway","GLYCOLYSIS: glycolysis I (from glucose 6-phosphate)","GLYOXYLATE-BYPASS: glyoxylate cycle","GOLPDLCAT-PWY: superpathway of glycerol degradation to 1,3-propanediol","HCAMHPDEG-PWY: 3-phenylpropanoate and 3-(3-hydroxyphenyl)propanoate degradation to 2-hydroxypentadienoate","HEME-BIOSYNTHESIS-II-1: heme b biosynthesis V (aerobic)","HEME-BIOSYNTHESIS-II: heme b biosynthesis I (aerobic)","HEMESYN2-PWY: heme b biosynthesis II (oxygen-independent)","HEXITOLDEGSUPER-PWY: superpathway of hexitol degradation (bacteria)","HISDEG-PWY: L-histidine degradation I","HISTSYN-PWY: L-histidine biosynthesis","HOMOSER-METSYN-PWY: L-methionine biosynthesis I","HSERMETANA-PWY: L-methionine biosynthesis III","ILEUSYN-PWY: L-isoleucine biosynthesis I (from threonine)","KDO-NAGLIPASYN-PWY: superpathway of (Kdo)2-lipid A biosynthesis","KETOGLUCONMET-PWY: ketogluconate metabolism","LACTOSECAT-PWY: lactose and galactose degradation I","LIPASYN-PWY: phospholipases","LPSSYN-PWY: superpathway of lipopolysaccharide biosynthesis","MET-SAM-PWY: superpathway of S-adenosyl-L-methionine biosynthesis","METH-ACETATE-PWY: methanogenesis from acetate","METHGLYUT-PWY: superpathway of methylglyoxal degradation","METSYN-PWY: superpathway of L-homoserine and L-methionine biosynthesis","NAD-BIOSYNTHESIS-II: NAD salvage pathway III (to nicotinamide riboside)","NAGLIPASYN-PWY: lipid IVA biosynthesis (E. coli)","NONMEVIPP-PWY: methylerythritol phosphate pathway I","NONOXIPENT-PWY: pentose phosphate pathway (non-oxidative branch) I","OANTIGEN-PWY: O-antigen building blocks biosynthesis (E. coli)","ORNARGDEG-PWY: superpathway of L-arginine and L-ornithine degradation","ORNDEG-PWY: superpathway of ornithine degradation","P105-PWY: TCA cycle IV (2-oxoglutarate decarboxylase)","P108-PWY: pyruvate fermentation to propanoate I","P122-PWY: heterolactic fermentation","P124-PWY: Bifidobacterium shunt","P125-PWY: superpathway of (R,R)-butanediol biosynthesis","P161-PWY: acetylene degradation (anaerobic)","P163-PWY: L-lysine fermentation to acetate and butanoate","P164-PWY: purine nucleobases degradation I (anaerobic)","P185-PWY: formaldehyde assimilation III (dihydroxyacetone cycle)","P221-PWY: octane oxidation","P4-PWY: superpathway of L-lysine, L-threonine and L-methionine biosynthesis I","P41-PWY: pyruvate fermentation to acetate and (S)-lactate I","P42-PWY: incomplete reductive TCA cycle","P441-PWY: superpathway of N-acetylneuraminate degradation","P461-PWY: hexitol fermentation to lactate, formate, ethanol and acetate","P621-PWY: nylon-6 oligomer degradation","PANTO-PWY: phosphopantothenate biosynthesis I","PANTOSYN-PWY: superpathway of coenzyme A biosynthesis I (bacteria)","PENTOSE-P-PWY: pentose phosphate pathway","PEPTIDOGLYCANSYN-PWY: peptidoglycan biosynthesis I (meso-diaminopimelate containing)","PHOSLIPSYN-PWY: superpathway of phospholipid biosynthesis I (bacteria)","POLYAMSYN-PWY: superpathway of polyamine biosynthesis I","POLYISOPRENSYN-PWY: polyisoprenoid biosynthesis (E. coli)","PPGPPMET-PWY: ppGpp metabolism","PROTOCATECHUATE-ORTHO-CLEAVAGE-PWY: protocatechuate degradation II (ortho-cleavage pathway)","PWY-1042: glycolysis IV","PWY-1269: CMP-3-deoxy-D-manno-octulosonate biosynthesis","PWY-1861: formaldehyde assimilation II (assimilatory RuMP Cycle)","PWY-241: C4 photosynthetic carbon assimilation cycle, NADP-ME type","PWY-2941: L-lysine biosynthesis II","PWY-2942: L-lysine biosynthesis III","PWY-3001: superpathway of L-isoleucine biosynthesis I","PWY-3841: folate transformations II (plants)","PWY-4041: &gamma;-glutamyl cycle","PWY-4984: urea cycle","PWY-5005: biotin biosynthesis II","PWY-5022: 4-aminobutanoate degradation V","PWY-5028: L-histidine degradation II","PWY-5030: L-histidine degradation III","PWY-5097: L-lysine biosynthesis VI","PWY-5100: pyruvate fermentation to acetate and lactate II","PWY-5103: L-isoleucine biosynthesis III","PWY-5104: L-isoleucine biosynthesis IV","PWY-5121: superpathway of geranylgeranyl diphosphate biosynthesis II (via MEP)","PWY-5130: 2-oxobutanoate degradation I","PWY-5136: fatty acid &beta;-oxidation II (plant peroxisome)","PWY-5138: fatty acid &beta;-oxidation IV (unsaturated, even number)","PWY-5154: L-arginine biosynthesis III (via N-acetyl-L-citrulline)","PWY-5188: tetrapyrrole biosynthesis I (from glutamate)","PWY-5189: tetrapyrrole biosynthesis II (from glycine)","PWY-5265: peptidoglycan biosynthesis II (staphylococci)","PWY-5345: superpathway of L-methionine biosynthesis (by sulfhydrylation)","PWY-5347: superpathway of L-methionine biosynthesis (transsulfuration)","PWY-5367: petroselinate biosynthesis","PWY-5384: sucrose degradation IV (sucrose phosphorylase)","PWY-5392: reductive TCA cycle II","PWY-5417: catechol degradation III (ortho-cleavage pathway)","PWY-5431: aromatic compounds degradation via &beta;-ketoadipate","PWY-5484: glycolysis II (from fructose 6-phosphate)","PWY-5497: purine nucleobases degradation II (anaerobic)","PWY-5505: L-glutamate and L-glutamine biosynthesis","PWY-561: superpathway of glyoxylate cycle and fatty acid degradation","PWY-5656: mannosylglycerate biosynthesis I","PWY-5659: GDP-mannose biosynthesis","PWY-5667: CDP-diacylglycerol biosynthesis I","PWY-5675: nitrate reduction V (assimilatory)","PWY-5676: acetyl-CoA fermentation to butanoate II","PWY-5677: succinate fermentation to butanoate","PWY-5686: UMP biosynthesis I","PWY-5690: TCA cycle II (plants and fungi)","PWY-5837: 2-carboxy-1,4-naphthoquinol biosynthesis","PWY-5838: superpathway of menaquinol-8 biosynthesis I","PWY-5840: superpathway of menaquinol-7 biosynthesis","PWY-5845: superpathway of menaquinol-9 biosynthesis","PWY-5850: superpathway of menaquinol-6 biosynthesis","PWY-5860: superpathway of demethylmenaquinol-6 biosynthesis I","PWY-5861: superpathway of demethylmenaquinol-8 biosynthesis I","PWY-5862: superpathway of demethylmenaquinol-9 biosynthesis","PWY-5896: superpathway of menaquinol-10 biosynthesis","PWY-5897: superpathway of menaquinol-11 biosynthesis","PWY-5898: superpathway of menaquinol-12 biosynthesis","PWY-5899: superpathway of menaquinol-13 biosynthesis","PWY-5910: superpathway of geranylgeranyldiphosphate biosynthesis I (via mevalonate)","PWY-5913: partial TCA cycle (obligate autotrophs)","PWY-5918: superpathway of heme b biosynthesis from glutamate","PWY-5920: superpathway of heme b biosynthesis from glycine","PWY-5941: glycogen degradation II","PWY-5973: cis-vaccenate biosynthesis","PWY-5981: CDP-diacylglycerol biosynthesis III","PWY-5989: stearate biosynthesis II (bacteria and plants)","PWY-6121: 5-aminoimidazole ribonucleotide biosynthesis I","PWY-6122: 5-aminoimidazole ribonucleotide biosynthesis II","PWY-7208: superpathway of pyrimidine nucleobases salvage","PWY-7210: pyrimidine deoxyribonucleotides biosynthesis from CTP","PWY-7211: superpathway of pyrimidine deoxyribonucleotides de novo biosynthesis","PWY-7220: adenosine deoxyribonucleotides de novo biosynthesis II","PWY-7221: guanosine ribonucleotides de novo biosynthesis","PWY-7222: guanosine deoxyribonucleotides de novo biosynthesis II","PWY-7228: superpathway of guanosine nucleotides de novo biosynthesis I","PWY-7229: superpathway of adenosine nucleotides de novo biosynthesis I","PWY-7237: myo-, chiro- and scyllo-inositol degradation","PWY-7238: sucrose biosynthesis II","PWY-724: superpathway of L-lysine, L-threonine and L-methionine biosynthesis II","PWY-7242: D-fructuronate degradation","PWY-7254: TCA cycle VII (acetate-producers)","PWY-7269: mitochondrial NADPH production (yeast)","PWY-7282: 4-amino-2-methyl-5-diphosphomethylpyrimidine biosynthesis II","PWY-7312: dTDP-&beta;-D-fucofuranose biosynthesis","PWY-7315: dTDP-N-acetylthomosamine biosynthesis","PWY-7316: dTDP-N-acetylviosamine biosynthesis","PWY-7323: superpathway of GDP-mannose-derived O-antigen building blocks biosynthesis","PWY-7328: superpathway of UDP-glucose-derived O-antigen building blocks biosynthesis","PWY-7340: 9-cis, 11-trans-octadecadienoyl-CoA degradation (isomerase-dependent, yeast)","PWY-7345: superpathway of anaerobic sucrose degradation","PWY-7356: thiamine diphosphate salvage IV (yeast)","PWY-7357: thiamine phosphate formation from pyrithiamine and oxythiamine (yeast)","PWY-7371: 1,4-dihydroxy-6-naphthoate biosynthesis II","PWY-7383: anaerobic energy metabolism (invertebrates, cytosol)","PWY-7385: 1,3-propanediol biosynthesis (engineered)","PWY-7388: octanoyl-[acyl-carrier protein] biosynthesis (mitochondria, yeast)","PWY-7392: taxadiene biosynthesis (engineered)","PWY-7400: L-arginine biosynthesis IV (archaebacteria)","PWY-7409: phospholipid remodeling (phosphatidylethanolamine, yeast)","PWY-7434: terminal O-glycans residues modification (via type 2 precursor disaccharide)","PWY-7446: sulfoquinovose degradation I","PWY-7456: &beta;-(1,4)-mannan degradation","PWY-7560: methylerythritol phosphate pathway II","PWY-7616: methanol oxidation to carbon dioxide","PWY-7663: gondoate biosynthesis (anaerobic)","PWY-7664: oleate biosynthesis IV (anaerobic)","PWY-7688: dTDP-&alpha;-D-ravidosamine and dTDP-4-acetyl-&alpha;-D-ravidosamine biosynthesis","PWY-7761: NAD salvage pathway II (PNC IV cycle)","PWY-7783: plasmalogen degradation","PWY-7790: UMP biosynthesis II","PWY-7791: UMP biosynthesis III","PWY-7851: coenzyme A biosynthesis II (eukaryotic)","PWY-7858: (5Z)-dodecenoate biosynthesis II","PWY-7873: D-erythronate degradation II","PWY-7874: L-threonate degradation","PWY-7883: anhydromuropeptides recycling II","PWY-7953: UDP-N-acetylmuramoyl-pentapeptide biosynthesis III (meso-diaminopimelate containing)","PWY-7977: L-methionine biosynthesis IV","PWY-7992: superpathway of menaquinol-8 biosynthesis III","PWY-8004: Entner-Doudoroff pathway I","PWY-8073: lipid IVA biosynthesis (P. putida)","PWY-8178: pentose phosphate pathway (non-oxidative branch) II","PWY-8187: L-arginine degradation XIII (reductive Stickland reaction)","PWY-821: superpathway of sulfur amino acid biosynthesis (Saccharomyces cerevisiae)","PWY-841: superpathway of purine nucleotides de novo biosynthesis I","PWY-922: mevalonate pathway I (eukaryotes and bacteria)","PWY-I9: L-cysteine biosynthesis VI (from L-methionine)","PWY0-1241: ADP-L-glycero-&beta;-D-manno-heptose biosynthesis","PWY0-1261: anhydromuropeptides recycling I","PWY0-1296: purine ribonucleosides degradation","PWY0-1297: superpathway of purine deoxyribonucleosides degradation","PWY0-1298: superpathway of pyrimidine deoxyribonucleosides degradation","PWY0-1319: CDP-diacylglycerol biosynthesis II","PWY0-1337: oleate &beta;-oxidation","PWY0-1415: superpathway of heme b biosynthesis from uroporphyrinogen-III","PWY0-1477: ethanolamine utilization","PWY0-1479: tRNA processing","PWY0-1586: peptidoglycan maturation (meso-diaminopimelate containing)","PWY0-162: superpathway of pyrimidine ribonucleotides de novo biosynthesis","PWY0-166: superpathway of pyrimidine deoxyribonucleotides de novo biosynthesis (E. coli)","PWY0-862: (5Z)-dodecenoate biosynthesis I","PWY1ZNC-1: assimilatory sulfate reduction IV","PWY3DJ-35471: L-ascorbate biosynthesis IV (animals, D-glucuronate pathway)","PWY4FS-7: phosphatidylglycerol biosynthesis I (plastidic)","PWY4FS-8: phosphatidylglycerol biosynthesis II (non-plastidic)","PWY4LZ-257: superpathway of fermentation (Chlamydomonas reinhardtii)","PWY66-389: phytol degradation","PWY66-391: fatty acid &beta;-oxidation VI (mammalian peroxisome)","PWY66-399: gluconeogenesis III","PWY66-409: superpathway of purine nucleotide salvage","PWY66-429: fatty acid biosynthesis initiation (mitochondria)","PYRIDNUCSYN-PWY: NAD de novo biosynthesis I (from aspartate)","REDCITCYC: TCA cycle VI (Helicobacter)","RHAMCAT-PWY: L-rhamnose degradation I","RIBOSYN2-PWY: flavin biosynthesis I (bacteria and plants)","SALVADEHYPOX-PWY: adenosine nucleotides degradation II","SER-GLYSYN-PWY: superpathway of L-serine and glycine biosynthesis I","SO4ASSIM-PWY: assimilatory sulfate reduction I","SULFATE-CYS-PWY: superpathway of sulfate assimilation and cysteine biosynthesis","TCA-GLYOX-BYPASS: superpathway of glyoxylate bypass and TCA","TCA: TCA cycle I (prokaryotic)","THISYNARA-PWY: superpathway of thiamine diphosphate biosynthesis III (eukaryotes)","THREOCAT-PWY: superpathway of L-threonine metabolism","THRESYN-PWY: superpathway of L-threonine biosynthesis","TRNA-CHARGING-PWY: tRNA charging","UDPNAGSYN-PWY: UDP-N-acetyl-D-glucosamine biosynthesis I","UNINTEGRATED","UNMAPPED","VALSYN-PWY: L-valine biosynthesis"
"1250_W3",19.5098,0,0,0,6.88001,13.9992,0,0,4.15452,14.3304,15.3088,18.6003,2.27665,0,0,16.1643,8.05616,0,0,0,0,25.4678,30.1885,0,4.91219,13.9805,0,0,35.0532,0,0,0,0,0,0,0,0,0,0,0,2.08274,0,0,6.46269,0,2.55567,0,7.941,6.34089,26.833,0,0,6.64331,0,0,0,0,0,0,0,0,25.7395,0,4.33611,17.1764,0,0,11.0299,0,0,0,0,0,0,0,3.1171,18.6403,2.50759,15.1433,0,0,0,0,0,0,0,0,0,1.55372,0,0,0,9.19861,0,0,0,0,13.7636,18.3135,2.87953,28.7732,4.48624,0,0,0,0,17.6157,2.10219,0,0,11.8461,18.9873,6.41853,24.1824,2.0779,0,0,0,0,0,19.5814,9.19861,15.099,0,0,0,0,0,4.02781,1.78275,0,0,0,0,0,2.93944,0,0,0,6.46313,0,0,0,0,4.20391,14.2081,0,0,0,26.2614,0,0,0,0,0,0,0,0,0,0,0,0,0,0,0,0,0,10.4716,7.90419,7.18104,0,20.5822,28.0532,10.8337,0,0,8.79375,28.5735,8.79375,13.6605,19.8718,0,0,0,0,0,0,0,0,0,0,0,0,0,0,0,0,0,0,0,0,0,0,0,0,0,0,0,0,0,0,0,0,0,0,0,0,0,0,0,0,0,0,0,0,0,4.03306,0,0,15.2646,0,0,0,0,12.0747,11.2407,3.01757,14.2081,0,0,1.95009,0,4.9926,0,0,0,0,0,3.05455,3.05455,0,0,0,5.20533,14.9715,20.5918,13.031,0,0,0,0,0,0,0,0,0,0,0,0,0,0,114876,883564,0
"1250_W9",21.1239,0,0,0,10.0856,31.8755,0,0,10.8955,23.4872,25.0189,31.0477,12.9805,0,7.24533,38.0252,20.8577,0,3.27537,0,16.9883,28.4294,31.5958,10.6648,12.1609,26.0487,3.54349,0,24.1058,0,1.85831,7.71906,0,0,2.66702,2.06067,2.68771,6.12077,0,6.53504,2.47844,0,6.12077,10.9991,10.4572,7.63801,0,19.0433,3.10696,17.1329,0,7.11853,8.526,0.913142,7.90817,0,0.654551,0.999172,0.744077,0,13.1028,32.0473,2.28339,11.6457,43.0316,0,0,0,1.27371,0,3.72673,0,1.18826,3.6919,0.540203,7.3246,30.3285,13.024,11.9817,0,0,0,0,0,0,0,5.40797,0,10.3922,0,4.4529,0,13.4566,0,2.89759,0,0,17.4017,19.6457,11.3062,30.9866,12.8848,0,6.76478,3.15692,0,26.0918,5.21802,8.51581,1.24802,7.89951,19.7851,22.4691,24.8325,1.27328,17.8964,0,4.14427,2.76168,9.02743,23.3547,17.1391,35.743,0,10.2754,2.66046,2.38429,2.43291,15.7295,9.19191,0,12.2645,7.10547,4.06225,0,3.48519,0,0,0,8.42999,0,0,0,0,11.7665,24.6208,0,12.8183,0,27.552,0,0,0,0,0,0,0,0,0,0,0,0,0,0,0.927637,1.29136,0,25.1274,16.3468,6.22195,6.43118,27.3465,25.5732,8.66674,2.98656,4.45716,8.47135,35.4399,8.47135,13.7314,19.561,0,0,0,0,0,0,0,0,0,0,0,0,0,0,0,0,0,0,0,0,0,0,0,0,0,0,0,0,0,0,0,0,0,0,0,0,0,0,0,0,0,0,0,0,0,14.317,5.57445,0,16.9136,0,7.31135,2.03396,4.37005,19.7317,8.50149,7.23513,24.6208,1.22366,0,16.9234,3.56157,23.9069,11.0615,0,6.5927,3.72812,0,11.8137,11.8137,1.27147,4.84834,3.22361,10.0278,11.3936,26.0323,18.4839,0,0,0,0,0,0,0,0,0,0,0,0,0,0,94183,902907,0
"1251_W3",41.4942,0,0,0,12.9685,16.349,0,0,10.3907,10.2611,12.2173,28.4577,6.92509,0,6.13138,29.6465,0,2.95808,0,0,8.61004,49.2391,57.1709,4.43047,5.09475,18.6503,6.1397,0,54.6849,0,5.74094,6.89369,0,0,0,0,0,0,0,2.02735,9.66515,0,0,10.1654,2.076,2.27996,0,7.55088,2.83177,12.9119,0,0,12.6962,3.48379,0,0,3.23328,3.23328,4.00712,0,6.27282,43.4518,0,0,34.2425,0,0,12.9574,0,0,0,0,2.35872,0,0,11.4441,42.4543,0,21.8896,0,0,0,0,0,0,0,0,0,0,0,5.13616,0,6.97733,0,0,0,0,37.1436,45.67,0,56.3205,16.8999,0,11.5576,6.22851,3.81483,9.77867,4.46033,0,6.50573,14.4988,40.6091,17.2132,48.5151,7.55422,8.35126,0,0,4.02399,4.06964,24.3492,6.97733,29.1897,0,17.6994,0,6.31631,6.62012,8.49515,4.42644,0,0,0,0,0,4.5096,0,2.99764,2.99764,12.3624,0,0,0,0,4.90291,26.662,0,0,0,51.3471,0,0,0,0,0,0,0,0,0,0,0,0,0,0,4.61764,3.35681,0,4.14938,28.3121,0,5.11754,31.782,60.0015,14.5713,0,0,14.2669,48.8406,14.2669,22.3211,33.1604,0,0,0,0,0,0,0,0,0,0,0,0,0,0,0,0,0,0,0,0,0,0,0,0,0,0,0,0,0,0,0,0,0,0,0,0,0,0,0,0,0,0,0,0,0,0,2.17411,0,24.988,0,0,1.18799,6.45696,13.6446,0,6.65727,26.662,4.30056,0,8.84219,7.5587,18.2706,13.5665,0,5.43587,8.52864,0,8.18968,8.18968,0,9.26618,0,0,0,41.2266,25.8291,0,0,0,0,0,0,0,0,0,0,0,0,0,0,75186.7,921731,0
"1251_W9",98.767,0,0,0,33.7208,116.91,0,0,61.8713,42.4186,43.3658,108.362,51.621,0,41.7649,102.671,51.2495,5.41662,0,0,58.729,104.57,101.52,26.0224,27.9193,106.043,14.7293,0,163.102,0,6.96988,42.7871,6.22689,0,0,0,0,0,0,0,13.6649,0,0,36.6743,12.7818,11.1128,0,37.0464,11.5239,34.3215,0,18.2909,34.5536,6.48211,0,0,4.41349,6.20801,6.2963,0,82.524,115.724,3.7513,29.7852,105.923,0,0,0,5.1822,0,6.26136,0,5.56947,6.35553,14.5193,46.7009,111.186,25.814,33.9195,0,0,0,0,0,0,0,6.63948,0,11.2146,0,10.5488,0,18.6729,0,15.3412,0,0,94.4546,91.5432,35.3408,115.197,43.5651,0,45.6953,13.5341,3.18279,105.873,22.6368,0,10.8751,41.8501,91.3825,68.006,99.7177,15.0612,43.7733,0,0,5.1577,50.0783,94.3678,18.6729,96.5917,0,62.7641,6.78194,9.69706,6.0025,45.3065,7.68482,0,0,15.8028,7.17456,0,16.4958,0,4.7684,4.7684,34.449,0,0,4.47757,0,42.587,112.767,0,0,0,116.222,0,0,0,0,0,0,0,0,0,0,0,0,0,0,7.38798,6.46087,0,36.0666,98.311,0,35.7126,125.424,125.534,63.1253,11.9616,0,101.482,110.023,101.482,110.562,123.4,0,0,0,0,0,0,0,0,0,0,0,0,0,0,0,0,0,0,0,0,0,0,0,0,0,0,0,0,0,0,0,0,0,0,0,0,0,0,0,0,0,0,0,0,0,30.251,31.9594,0,90.3867,0,10.2731,3.24944,17.0123,44.0607,10.0545,16.7213,112.767,6.68758,0,19.1921,10.2835,76.9476,44.6098,0,36.2025,10.3317,0,28.0014,28.0014,5.04782,26.3468,0,23.8421,6.15639,137.196,76.4886,0,0,0,0,0,0,0,0,0,0,0,0,0,0,250238,739410,0
"1252_W3",48.568,0,0,0,0,15.301,0,0,4.21875,15.2265,16.2618,39.0039,4.41709,0,7.05644,25.3254,10.2691,5.61828,0,0,0,48.4348,67.0143,2.30809,0,31.6741,13.2832,0,67.1996,0,7.52542,11.0944,0,0,0,0,0,0,0,0,0,0,0,20.2407,1.7059,0,0,12.1733,0,2.59543,0,0,23.5401,7.50613,0,0,6.29232,6.29232,8.84501,0,11.9616,58.8821,0,12.0696,29.6837,0,0,1.15782,0,0,0,0,0,0,0,20.3695,63.2162,4.45942,14.4387,0,0,0,0,0,0,0,0,0,0,0,9.00529,0,0,0,0,0,0,42.7767,52.8252,2.92681,67.9669,19.3086,0,11.299,7.69593,5.11194,21.0203,6.52107,0,9.17621,4.13938,49.1582,10.3476,67.9438,3.61344,0,0,0,9.56072,0,23.0688,0,22.1834,0,29.9014,0,10.1937,6.18806,10.2405,6.90035,0,0,0,0,0,0,0,5.37969,5.37969,19.8791,0,0,0,0,1.81389,19.0973,0,0,0,78.8536,0,0,0,0,0,0,0,0,0,0,0,0,0,0,6.67188,4.25505,0,1.6128,38.3443,0,7.98196,36.974,76.0775,12.4529,0,0,41.0539,64.3898,41.0539,51.3165,65.4002,0,0,0,0,0,0,0,0,0,0,0,0,0,0,0,0,0,0,0,0,0,0,0,0,0,0,0,0,0,0,0,0,0,0,0,0,0,0,0,0,0,0,0,0,0,5.2734,0,0,32.2356,0,0,0,5.58089,0,0,0,19.0973,7.34481,0,9.77297,17.0828,25.2993,23.9338,0,8.80006,7.6148,0,11.7542,11.7542,0,10.8387,0,0,0,25.7413,24.7797,0,0,0,0,0,0,0,0,0,0,0,0,0,0,80134.6,916196,0
"1252_W9",143.981,0,0,0,3.65015,4.50891,0,0,0,13.0133,74.5012,95.7372,0,0,0,67.9143,5.16592,0,0,0,5.17387,108.032,156.112,0,0,100.295,0,0,114.908,0,0,0,0,0,0,0,0,0,0,0,1.41255,0,0,3.47544,0,0,0,3.19089,0,7.99579,0,0,4.59025,1.31898,0,0,0,2.20142,2.32194,0,19.6682,96.8818,0,109.6,74.996,0,0,8.38644,0,0,0,0,0,0,0,14.6161,100.261,15.7607,10.3089,0,0,0,0,0,0,0,0,0,0,0,2.47659,0,1.42526,0,0,0,0,105.141,117.088,8.37989,151.881,10.1466,0,2.04669,0,0,2.6685,0,0,2.11542,15.1862,114.742,0,153.912,0,4.47345,0,0,0,0,79.4673,1.42526,57.603,0,3.78736,0,0,0,2.50504,62.6738,0,0,0,0,0,0,0,0,0,4.58516,0,0,0,0,0,43.0256,0,0,0,183.453,0,0,0,0,0,0,0,0,0,0,0,0,0,0,1.81781,0,0,0,21.9981,42.5101,0,126.557,119.383,64.1905,0,0,65.4156,147.862,65.4156,91.9226,128.891,0,0,0,0,0,0,0,0,0,0,0,0,0,0,0,0,0,0,0,0,0,0,0,0,0,0,0,0,0,0,0,0,0,0,0,0,0,0,0,0,0,0,0,0,0,19.26,0,0,108.667,0,0,88.0992,0,10.0449,0,0,43.0256,0,0,1.4782,5.23861,6.39499,112.596,0,0,1.43773,0,3.33899,3.33899,0,1.29879,0,0,0,24.6901,16.3912,0,0,0,0,0,0,0,0,0,0,0,0,0,0,136216,856912,0
"1253_W3",32.404,0,0,0,18.9153,26.2657,0,0,4.89063,18.1174,15.4121,19.818,3.84097,0,0,18.1621,9.61048,0,0,0,0.963516,37.6769,41.2761,1.57916,4.54738,17.2182,7.43676,0,47.2379,0,0,0,0,9.07426,0,0,0,0,0,0,4.10884,0,0,11.5669,0,0,3.54043,9.12933,3.38302,17.7433,0,7.74866,18.8935,0,0,0,0.555657,0.843211,2.2688,0,2.90492,34.2564,0,11.5905,20.6712,0,0,1.86824,0,0,0,0,0,0,0,6.52562,32.5314,3.34449,11.6912,0,0,0,0,0,7.11624,0,0,0,2.18848,0,0,0,14.6281,0,0,0,0,26.7171,31.5894,4.09106,39.7584,2.06473,0,4.01341,0,0,21.6213,1.5712,0,1.06232,13.405,31.4188,7.75052,36.236,4.45296,0.807992,0,2.48208,0,0,26.1864,14.6281,15.8992,0,6.7939,0,3.35594,0,10.362,6.95346,5.94823,0,0,0,0,6.92728,0,0,0,17.4697,0,0,0,0,2.72357,26.4567,0,0,0,43.3837,0,0,0,0,0,0,0,0,0,0,0,0,0,2.61379,0,1.77263,0.830798,10.8465,12.3267,11.573,0,32.5452,50.1946,21.9506,0,0,22.8956,34.6772,22.8956,28.4477,40.5911,0,0,0,0,0,0,0,0,0,0,0,0,0,0,0,0,0,0,0,0,0,0,0,0,0,0,0,0,0,0,0,0,0,0,0,0,0,0,0,0,0,0,0,0,0,4.92806,4.57491,0,26.3608,2.77521,7.78101,0,2.69111,20.6837,3.70947,0,26.4567,0,0,0.938508,3.16572,12.7575,4.48499,8.1519,0,0,0,1.2836,1.2836,0,0.703114,0,3.17959,9.00964,22.1166,17.9483,0,0,0,0,0,0,0,0,0,0,0,0,0,0,91845.8,905579,0
"1253_W9",69.2837,0,0,0,7.54086,11.2521,0,0,3.66229,53.1109,71.2475,70.8714,4.10797,0,0,46.0367,11.1963,0,0,0,0,32.6143,98.4189,0,4.63771,61.3013,0,0,66.6458,0,1.24456,0,0,0,0,0,0,0,0,0,3.15143,0,0,9.09565,0,0,0,30.5906,4.40178,36.2438,0,0,12.0312,1.77656,0,0,0,0,0,0,2.86658,28.407,0,61.0325,50.0133,0,0,5.91822,0,0,0,0,0,0,0,7.462,48.4751,13.4423,19.5938,0,0,0,0,0,0,0,0,0,3.70539,0,0,0,10.7967,0,0,0,0,41.7455,40.7867,4.25902,84.3478,10.4182,0,3.38926,0,0,7.78075,2.43757,0,2.93114,22.5921,63.876,11.7786,74.4368,0,0,0,0,0,0,62.0936,10.7967,39.6283,0,5.95324,0,0,1.8921,0,47.6024,0,0,0,0,0,4.85233,0,0,0,11.9524,0,0,0,0,4.1979,25.2371,0,0,0,102.474,0,0,0,0,0,0,0,0,0,0,0,0,0,0,0,0,0,15.7637,17.2189,25.1394,0,81.5972,75.805,23.558,0,0,19.0935,80.8053,19.0935,31.1978,48.1203,0,0,0,0,0,0,0,0,0,0,0,0,0,0,0,0,0,0,0,0,0,0,0,0,0,0,0,0,0,0,0,0,0,0,0,0,0,0,0,0,0,0,0,0,0,16.0993,0,0,42.1742,0,0,61.6755,0,23.6076,14.1477,9.47315,25.2371,0,0,2.34097,0,2.9532,42.5027,0,0,0,0,5.85256,5.85256,0,0,0,12.4282,23.9801,21.9158,26.209,0,0,0,0,0,0,0,0,0,0,0,0,0,0,132750,863111,0
"1254_W3",25.3185,0,0,0,9.93624,19.2279,0,0,6.9591,22.6038,21.7312,27.7655,2.84006,0,0,22.5501,11.9318,0,0,0,3.07146,32.837,33.1429,2.44238,3.25613,23.3803,7.14793,0,39.0931,0,0,0,0,0,0,0,0,0,0,0,5.46929,0,0,3.57653,0,3.20668,0,13.5894,4.62306,34.7439,0,0,9.27723,0,0,0,0,1.84023,3.04526,0,3.81217,34.7933,0,12.3071,25.2312,0,0,3.3404,0,0,0,0,0,0,0,10.4099,33.4826,5.33134,13.9143,0,0,0,0,0,0,0,0,0,2.71676,0,0,0,1.93274,0,0,0,0,23.3982,25.8404,4.59116,36.6826,0,0,0,0,0,16.7218,3.47876,0,0,3.65668,25.2792,12.2384,30.5676,3.32181,2.62503,0,0,1.19583,0,24.7888,4.36792,20.2641,0,0,0,0,0,13.2714,2.92209,0,0,0,0,0,1.60278,0,0,0,8.94483,0,0,0,0,3.00219,25.9156,0,0,0,38.9344,0,0,0,0,0,0,0,0,0,0,0,0,0,0,0,0,0,8.18418,16.2105,0,0,35.4772,37.0283,21.5854,0,0,24.9411,33.0401,24.9411,29.1493,39.2969,0,0,0,0,0,0,0,0,0,0,0,0,0,0,0,0,0,0,0,0,0,0,0,0,0,0,0,0,0,0,0,0,0,0,0,0,0,0,0,0,0,0,0,0,0,7.08184,1.86399,0,30.4346,0,0,0,5.76627,17.9203,0,0,25.9156,0,0,0,5.58346,11.2989,5.75951,0,0,0,0,0,0,0,0,0,0,0,26.9604,9.12095,0,0,0,0,0,0,0,0,0,0,0,0,0,0,108302,889450,0
"1254_W9",10.3792,0,0,0,0,0,0,0,0,10.277,17.3243,14.4079,0,0,0,16.6588,10.7067,0,0,0,0,11.2992,17.9287,0,0,10.2642,0,0,19.9868,0,1.85908,2.76582,0,0,0,0,0,0,0,0,0,0,0,0,0,0,0,4.13281,0,16.7673,0,0,0,0,0,0,0,0,0,0,0,14.5495,0,8.77346,17.813,0,0,0,0,0,0,0,0,0,0,3.87523,13.7396,0,9.15593,0,0,0,0,0,0,0,0,0,0,0,0,0,0,0,0,0,0,4.08132,6.25796,0,14.7721,1.87769,0,0,0,0,16.4033,0,0,0,7.99609,14.2475,0,14.7186,0,0,0,0,0,0,12.1524,4.29853,15.4244,0,3.24649,0,0.871963,2.00707,0,8.19051,0,0,0,0,0,0,0,0,0,0,0,0,0,0,0,5.68008,0,0,0,16.6619,0,0,0,0,0,0,0,0,0,0,0,0,0,0,0,0,0,0,7.3743,5.58862,0,19.3545,19.6759,0,0,0,0,17.1539,0,0,0,0,0,0,0,0,0,0,0,0,0,0,0,0,0,0,0,0,0,0,0,0,0,0,0,0,0,0,0,0,0,0,0,0,0,0,0,0,0,0,0,0,0,0,0,0,10.5791,0,0,0,0,0,5.69493,0,10.9604,0,0,5.68008,0,0,1.73718,0,0.809102,0,0,2.39731,0,0,0,0,0,0,0,0,0,14.0251,4.31128,0,0,0,0,0,0,0,0,0,0,0,0,0,0,64236.4,934899,0
"1255_W3",43.6231,0,0,0,12.1793,21.9176,0,0,4.96991,51.5356,52.958,47.6042,1.558,0,0,29.0918,32.6758,0,0,0,1.42609,60.9595,73.4427,1.61042,1.83135,42.8244,6.107,0,65.2437,0,0,0,0,0,0,0,0,0,0,0,3.89529,0,0,2.06481,0,4.60541,1.39363,35.652,4.74804,61.2246,0,1.44854,13.2939,0,0,0,0,0,2.74126,0,3.69307,48.3211,0,19.8782,33.0024,0,0,1.74731,0,0,0,0,0,0,0,6.02675,60.6258,15.9169,25.3548,0,0,0,0,0,0,0,0,0,2.80612,0,0,0,3.23169,0,0,0,0,39.5999,45.727,5.82282,66.4807,2.83797,0,0.956112,0,0,31.2512,2.66383,0,0,6.87206,45.5886,15.3347,54.2128,2.32897,1.1972,0,0,0,0,43.3769,3.61489,24.5363,0,1.75109,0,0,0,7.18163,15.3205,0,0,0,0,0,0,0,0,0,12.6733,0,0,0,0,1.09358,46.2485,0,0,0,71.1423,0,0,0,0,0,0,0,0,0,0,0,0,0,0,0,0,0,9.2723,13.5743,21.6695,0,58.8184,62.2511,19.3263,0,0,16.4657,55.8041,16.4657,25.7076,39.6157,0,0,0,0,0,0,0,0,0,0,0,0,0,0,0,0,0,0,0,0,0,0,0,0,0,0,0,0,0,0,0,0,0,0,0,0,0,0,0,0,0,0,0,0,0,25.2137,0.78071,0,33.4907,0,0,9.26853,3.46959,33.2371,3.02229,0,46.2485,0,0,1.36496,10.3538,10.5275,29.6345,2.16317,0,0,0,1.6984,1.6984,0,0.512904,0,1.9923,7.45293,36.7167,15.3057,0,0,0,0,0,0,0,0,0,0,0,0,0,0,140497,855875,0
"1256_W3",28.6687,0,0,0,3.38695,11.0211,0,0,2.65403,20.6953,24.539,29.9598,0,0,0,18.2944,19.6374,0,0,0,0,30.2127,44.0143,0,0,28.3616,0,0,40.3095,0,0,0,0,0,0,0,0,0,0,0,2.61168,0,0,0,0,3.01298,0,13.0509,0,32.1032,0,0,3.04584,0,0,0,0,0,0,0,5.53217,29.553,0,22.1147,20.1714,0,0,1.81325,0,0,0,0,0,0,0,1.50808,30.7611,6.20091,4.27626,0,0,0,0,0,0,0,0,0,0,0,0,0,1.11937,0,0,0,0,21.1098,26.434,2.5025,39.4456,0,0,0,0,0,17.0597,2.70406,0,0,0,23.4923,5.61628,33.1402,1.88498,0,0,0,1.21035,0,23.7155,3.58823,15.6356,0,0,0,0,0,4.72171,9.71306,0,0,2.61139,0,0,0.809656,0,0,0,3.02243,0,0,0,0,0,22.6737,0,0,0,41.737,0,0,0,0,0,0,0,0,0,0,0,0,0,0,0,0,0,7.34378,7.71692,20.3916,0,37.6282,37.8369,17.2099,0,0,17.0975,34.7204,17.0975,22.9937,32.1415,0,0,0,0,0,0,0,0,0,0,0,0,0,0,0,0,0,0,0,0,0,0,0,0,0,0,0,0,0,0,0,0,0,0,0,0,0,0,0,0,0,0,0,0,0,16.9393,0,0,27.9503,0,0,11.9446,0,16.7958,0,0,22.6737,0,0,0,2.57381,5.20808,27.1036,0,0,1.25154,0,0,0,0,0,0,0,0,17.1092,15.3237,0,0,0,0,0,0,0,0,0,0,0,0,0,0,105694,892218,0
"1256_W9",81.2493,0,0,0,46.9233,74.8989,0,0,54.5735,48.2898,50.4443,86.6235,45.633,0,0,98.3114,57.9802,0,0,0,39.0198,83.9374,127.07,20.151,20.5049,76.1408,0,0,89.2598,0,0,0,0,0,7.16002,10.6074,4.84782,6.06178,0,5.75992,14.787,5.68104,6.06178,34.2314,0,9.33809,0,24.838,21.8588,27.0335,0,19.3165,41.9455,0,8.53668,0,1.96283,3.19902,3.36493,0,45.7032,78.9517,0,59.4366,101.105,0,0,0,0,0,0,0,0,0,0,33.3539,85.6153,46.326,27.3468,0,0,0,0,0,0,0,7.68141,0,7.40473,0,0,0,20.0703,0,14.8228,0,0,103.507,94.4608,40.9369,90.9064,39.6257,0,6.56563,0,0,58.1427,23.9463,0,0,26.5112,81.1219,31.2785,91.5836,0,35.6516,6.20811,11.6924,0,40.1037,76.8417,20.0703,98.1228,0,11.1759,14.8162,0,0,35.4512,19.9806,0,0,0,0,0,10.9706,0,0,0,40.9439,3.99115,0,0,0,41.3886,65.9078,0,18.587,0,91.6944,0,0,0,0,0,0,0,0,0,0,0,0,0,0,0,0,0,31.1396,73.7919,25.3343,0,103.062,99.2316,28.7159,0,0,28.6624,97.772,28.6624,44.9956,63.9563,0,0,0,0,0,0,0,0,0,0,0,0,0,0,0,0,0,0,0,0,0,0,0,0,0,0,0,0,0,0,0,0,0,0,0,0,0,0,0,0,0,0,0,0,0,50.1898,7.3324,0,57.6201,0,7.84682,19.0692,12.6414,16.0984,8.96962,1.74907,65.9078,0,2.12303,38.3682,17.6942,62.9308,30.0907,0,0,0,0,27.3224,27.3224,7.23402,0,0,26.1996,14.6967,84.2534,74.0423,0,0,0,0,0,0,0,0,0,0,0,0,0,0,221576,770657,0
"1257_W3",23.815,0,0,0,8.92914,13.7858,0,0,3.62275,10.4658,18.7426,18.0521,0,0,0,13.4522,12.8872,0,0,0,0,22.0151,33.1651,0,0,17.9123,4.5465,0,26.761,0,0,0,0,3.9499,0,0,0,0,0,0,2.81693,0,0,0,0,1.83141,1.86994,3.86107,0.947034,6.16803,0,0,8.52705,0,0,0,0,2.35428,2.4436,0,3.1343,21.0925,0,19.903,14.8678,0,0,2.2629,0,0,0,0,0,0,0,4.9387,18.2114,8.253,8.74085,0,0,0,0,0,0,0,0,0,1.77932,0,0,0,2.93208,0,0,0,0,18.7594,21.6928,5.21906,28.3249,0,0,0,0,0,9.68704,1.56759,0,0,6.6813,20.2466,5.80121,26.0004,2.11689,0,0,0,1.06913,0,17.2479,2.93208,11.5468,0,0,0,1.22675,0,4.30103,13.5788,1.32521,0,0,0,0,2.06178,0,0,0,8.40385,0,0,0,0,0,11.3743,0,0,0,33.4951,0,0,0,0,0,0,0,0,0,0,0,0,0,0,0,2.3625,0,1.60737,7.77431,11.1782,0,25.9806,25.7616,11.8937,0,0,11.6188,27.0577,11.6188,16.4596,22.8356,0,0,0,0,0,0,0,0,0,0,0,0,0,0,0,0,0,0,0,0,0,0,0,0,0,0,0,0,0,0,0,0,0,0,0,0,0,0,0,0,0,0,0,0,0,11.6065,0.927169,0,19.9425,0,0,14.1623,1.52129,7.06887,0,0,11.3743,0,0,0.586267,5.64841,5.0971,20.504,5.00564,0,0,0,0,0,0,0,0,0,0,16.7933,11.6178,0,0,0,0,0,0,0,0,0,0,0,0,0,0,51952.6,946369,0
"1257_W9",147.011,0,0,0,47.9203,124.162,0,0,106.412,92.8134,94.9849,151.378,83.9834,0,23.8112,160.674,95.2648,0,6.34925,0,87.8374,160.771,218.364,43.6873,29.7801,131.634,0,0,207.791,0,0,22.9836,0,0,13.0555,7.16209,12.7871,4.51718,0,16.702,46.9877,0,4.51718,56.9473,0,16.8908,0,57.575,33.4612,102.806,0,37.7641,53.1644,0,4.65026,0,0,0,1.47892,0,89.989,148.114,0,101.549,163.432,0,0,0,0,0,0,0,0,0,3.10446,46.4281,165.996,81.9317,45.2957,0,0,0,0,0,0,0,19.3128,0,0,0,0,0,24.9748,0,33.8609,2.78016,0,155.828,166.968,79.5301,180.232,38.5554,0,28.6187,0,0,92.0472,30.8751,2.58372,0,41.8091,144.369,13.4202,165.732,0,80.6923,0,8.099,0,76.1073,135.754,24.9748,158.126,0,50.4287,13.6197,8.59248,0,76.3577,30.7159,0,0,0,0,0,16.4232,0,0,0,52.6565,0,0,0,0,86.1583,135.17,0,21.8084,0,172.875,0,0,0,0,0,0,0,0,0,0,0,0,0,0,0,0,0,48.7438,131.8,37.2087,17.9705,192.651,194.358,79.54,0,0,88.0832,175.424,88.0832,118.285,154.949,0,0,0,0,0,0,0,0,0,0,0,0,0,0,0,0,0,0,0,0,0,0,0,0,0,0,0,0,0,0,0,0,0,0,0,0,0,0,0,0,0,0,0,0,0,90.1857,53.2724,0,134.894,0,8.51314,31.6575,24.6853,64.8912,32.1829,2.25554,135.17,0,0,34.4654,0,82.1884,26.9535,0,18.1695,0,0,24.7807,24.7807,12.9622,0.753797,8.9334,46.5282,0,163.04,129.19,0,0,0,0,0,0,0,0,0,0,0,0,0,0,354552,631367,0
"1258_W3",27.2634,0,0,0,5.10729,21.9552,0,0,5.70451,21.7177,19.7714,22.0549,1.92787,0,0,16.7954,7.8363,0,0,0,0,36.3397,38.7523,3.34021,0,19.2648,1.59876,0,39.9538,0,0,0,0,0,0,0,0,0,0,0,1.19319,0,0,0,0,2.4528,0,10.3845,2.71768,33.3783,0,0,4.39021,0,0,0,0,0.737173,1.64176,0,9.91988,30.1659,0,8.37735,19.4151,0,0,0,0,0,0,0,0,0,0,8.62925,36.3485,2.43681,11.2461,0,0,0,0,0,0,0,0,0,1.94266,0,0,0,1.91003,0,0,0,0,24.1043,28.5159,2.30055,41.7587,2.53202,0,0,0,0,32.6989,3.8096,0,0.925969,2.01187,24.9958,9.32167,31.2322,3.06095,0,0,0,1.43166,0,22.5025,3.40656,13.9431,0,0,0,0,0,8.57533,1.53444,0,0,0,0,0,0,0,0,0,4.27534,0,0,0,0,1.67323,23.2256,0,0,0,40.2073,0,0,0,0,0,0,0,0,0,0,0,0,0,0,0,0,0,8.81142,10.7408,0,0,31.0774,44.2323,16.8544,0,0,17.6372,42.2916,17.6372,25.2157,34.8382,0,0,0,0,0,0,0,0,0,0,0,0,0,0,0,0,0,0,0,0,0,0,0,0,0,0,0,0,0,0,0,0,0,0,0,0,0,0,0,0,0,0,0,0,0,3.749,0.955863,0,26.2723,0,0,0,1.47822,13.2146,0,0,23.2256,0,0,0,2.28415,4.82381,0,0,0,0,0,0,0,0,0,0,0,0,22.8846,21.6688,0,0,0,0,0,0,0,0,0,0,0,0,0,0,133950,863976,0
"1258_W9",51.1137,0,0,0,32.0069,54.156,4.29229,0,19.7679,42.6731,41.9526,55.9127,22.9163,0,5.45165,53.2623,38.1684,0,0,0,42.0036,58.6755,60.5055,18.3428,15.0804,55.2725,6.71002,0,59.5856,0,0,5.22641,0,0,6.01719,4.41884,4.70357,2.36291,0,3.66528,15.5382,0,2.36291,25.746,0,7.00609,0,34.8872,13.8275,34.267,0,12.9101,28.4687,0,1.8282,0,0,0,0,0,31.1281,63.4787,0,39.3762,56.4475,0,0,0,0,0,0,0,0,0,0,24.7247,57.8067,33.5766,26.5383,0,0,0,0,0,0,0,9.43887,0,0,0,0,0,14.3803,0,8.6234,0,0,48.3865,52.8204,29.9062,69.2953,17.3666,2.28213,9.17011,0,0,40.3249,14.2853,8.02423,0,13.2873,50.9538,19.002,59.3042,0,37.6338,13.1696,0,0,22.3233,52.2369,14.3803,49.6159,0,14.2281,21.1298,0,0,29.273,23.5264,0,0,0,0,0,9.21145,0,0,0,27.9338,0,0,0,0,12.8107,48.5426,0,12.6836,0,67.4295,0,0,0,0,0,0,0,0,0,0,0,0,0,0,0,0,0,20.0723,44.7104,24.3004,4.01275,69.9264,70.0134,41.8469,0,0,37.2902,62.9147,37.2902,48.1712,59.3169,0,0,0,0,0,0,0,0,0,0,0,0,0,0,0,0,0,0,0,0,0,0,0,0,0,0,0,0,0,0,0,0,0,0,0,0,0,0,0,0,0,0,0,0,0,35.5561,10.4612,0,54.0923,0,3.71765,23.3557,10.6554,31.2614,13.366,4.59129,48.5426,0,0,26.5009,3.62983,29.7681,36.0896,0,4.05612,0,0,11.5817,11.5817,3.28291,0,0,25.7388,0,70.9828,49.9365,0,0,0,0,0,0,0,0,0,0,0,0,0,0,181752,812698,0
"1259_W3",141.005,0,0,0,12.692,17.4857,0,0,3.33636,26.8783,107.435,117.842,1.24637,0,0,83.3303,31.0345,0,0,0,2.16499,98.749,181.391,0,2.29925,109.348,12.8438,0,121.5,0,0,0,0,0,0,0,0,0,0,0,1.48605,0,0,7.98601,3.5243,2.22733,2.53488,7.13011,3.98987,17.7364,0,4.3779,20.2552,0,0,0,0,3.49865,4.08578,0,18.3788,89.2889,0,125.314,90.2861,0,0,1.92457,0,0,0,0,0,0,0,11.251,95.4933,21.8591,18.3562,0,0,0,0,0,3.30376,0,0,0,0,0,0.901021,0,8.27536,0,0,0,0,110.897,115.607,8.51025,152.209,2.68335,0,0.955647,0,0,19.4213,0,0,1.61631,9.7118,116.907,9.35317,150.488,2.38613,1.8291,0,0,1.10517,0,96.6402,8.27536,71.9496,0,1.76875,0,1.80217,0,4.77792,89.7027,2.27354,0,1.87795,0,0,2.20474,0,0,0,20.1719,0,0,0,0,1.31309,42.0037,0,0,0,197.935,0,0,0,0,0,0,0,0,0,0,0,0,0,0.809768,1.13579,3.88047,0,7.98542,11.3783,41.7571,0,149.979,143.877,54.6962,0,0,49.6763,159.352,49.6763,76.1014,111.369,0,0,0,0,0,0,0,0,0,0,0,0,0,0,0,0,0,0,0,0,0,0,0,0,0,0,0,0,0,0,0,0,0,0,0,0,0,0,0,0,0,0,0,0,0,29.0122,1.41673,0,95.2607,1.1417,3.13332,124.356,3.98766,7.22638,3.28314,0,42.0037,0,0,3.22207,15.2973,13.5517,100.431,8.09081,0,0.74438,0,1.59933,1.59933,0,1.47617,0,0,10.4882,27.4331,24.6426,0,0,0,0,0,0,0,0,0,0,0,0,0,0,149744,842858,0
"1259_W9",335.813,0,0,0,104.407,209.214,25.701,0,53.641,211.202,284.03,373.018,45.7013,0,31.2671,257.619,171.208,0,13.6142,3.89731,114.038,230.535,370.567,54.3187,45.7903,320.212,2.02898,0,289.892,0,4.66114,31.3862,23.9598,0,15.1462,14.3422,10.3584,9.60341,0,64.2279,33.6275,4.18733,9.60341,65.8755,26.7319,54.8968,0,118.296,16.0864,87.0122,0,37.9411,106.575,2.21083,5.35981,0,3.47532,8.00531,8.03767,0,71.2656,219.542,2.05771,346.692,269.763,0,0,27.9299,1.85186,0,4.09014,0,2.77617,3.58322,3.87893,49.0314,245.941,196.364,101.375,0,0,13.6348,0,0,0,4.57209,21.3947,0,21.609,0,7.56716,0,43.1,0,38.03,19.8758,12.7665,265.468,268.025,104.973,366.478,61.2858,14.4626,29.7648,1.62961,1.32736,143.34,47.9884,27.3142,3.90962,99.4036,321.389,128.339,370.727,24.1188,109.08,38.5599,11.8599,3.48411,26.3524,312.882,43.1,229.503,0,45.484,44.5576,13.7448,3.85528,71.043,216.985,0,13.3104,0,4.0597,0,26.6577,0,0,0,106.146,0,0,0,0,34.2626,136.336,0,24.3578,0,457.684,10.2296,15.8537,41.0998,41.4405,21.3625,21.3625,14.8874,29.8946,14.8874,21.3625,39.3215,39.3215,39.3215,0,3.02555,8.3629,0,63.7987,230.484,135.564,23.331,373.851,356.567,182.384,0,0,160.252,478.934,160.252,242.261,309.685,0,0,0,0,0,0,0,0,0,0,0,0,0,0,0,0,0,0,0,0,0,0,0,0,0,0,0,0,0,0,0,0,0,0,0,0,0,0,0,0,0,0,0,0,0,218.23,26.2485,0,276.31,0,29.6645,356.976,21.473,122.205,37.5841,16.451,136.336,2.07138,0,45.4103,22.324,122.496,287.367,0,24.554,0,6.72152,39.0296,39.0296,15.7821,11.0302,12.3136,48.2378,81.7332,250.37,157.792,0,0,0,0,0,0,0,0,0,0,0,0,0,0,425479,547993,0
"1260_W3",113.144,0,0,0,8.33221,34.4978,0,0,4.48222,51.6347,77.3484,99.8022,3.59482,0,4.74688,72.25,44.1569,6.47456,0,0,9.29819,98.5897,142.025,0,0,101.323,24.9818,0,92.336,0,13.7679,15.4391,0,0,0,0,0,0,0,0,0,0,0,31.5064,1.42258,0,0,25.9867,0,2.22306,0,0,41.6191,8.10788,0,0,9.50313,9.50313,13.2428,0,33.1686,98.3159,0,94.58,78.123,0,0,1.58592,0,0,0,0,0,0,0,35.3446,94.698,39.957,21.5867,0,0,0,0,0,0,0,0,0,0,0,8.32114,0,2.98964,0,0,0,0,100.884,108.325,8.72891,123.958,36.1371,0,14.4275,12.1482,5.73913,30.8454,9.48667,0,13.3501,0,98.6448,12.6144,119.93,3.41229,8.14751,0,0,8.41618,0,86.4681,2.98964,62.5103,0,34.5242,0,17.2456,12.8712,11.1441,57.7454,0,0,7.72621,0,0,0,0,6.93896,6.93896,41.3373,0,0,0,0,0,44.3062,0,0,0,156.33,0,0,0,0,0,0,0,0,0,0,0,0,0,0,10.1868,13.235,0,0,80.9386,43.0661,9.40845,101.538,96.0705,66.2455,0,0,77.2884,138.151,77.2884,99.8968,127.619,0,0,0,0,0,0,0,0,0,0,0,0,0,0,0,0,0,0,0,0,0,0,0,0,0,0,0,0,0,0,0,0,0,0,0,0,0,0,0,0,0,0,0,0,0,46.1169,0,0,106.191,0,0,71.6486,8.92163,0,0,0,44.3062,10.2982,0,14.2561,41.5883,34.8642,113.045,0,12.2332,8.40022,0,23.8031,23.8031,0,10.0222,0,0,0,43.9264,35.2888,0,0,0,0,0,0,0,0,0,0,0,0,0,0,144634,847682,0
"1260_W9",103.805,0,0,0,47.6152,125.587,0,0,63.9955,49.693,51.9315,113.948,58.5966,0,34.3376,108.514,87.8401,0,6.7723,0,63.8093,148.508,143.24,48.8856,41.0774,111.241,4.82879,0,143.126,0,4.61339,35.2599,11.9469,0,11.9013,6.42047,14.7614,8.02646,0,15.4274,35.2279,0,8.02646,47.7484,22.4005,27.4266,0,42.039,17.0581,33.9798,0,11.8939,43.6116,3.20502,10.0462,0,0,2.69575,2.73877,0,68.6788,114.458,0,66.322,110.5,0,0,0,0,0,0,0,3.69917,0,3.14262,29.625,116.056,66.0146,58.7377,0,0,0,0,0,0,0,26.3249,0,16.4393,0,0,0,44.0503,0,17.8112,5.71035,0,95.6641,93.0317,65.6595,120.051,48.7267,0,27.284,4.65251,0,118.183,10.5748,0,0,78.7729,96.3717,78.9735,115.117,0,50.4043,0,5.09295,5.62018,52.8688,93.0763,44.0503,103.994,0,39.9257,25.8111,6.19062,5.85297,49.3949,17.8143,0,16.4407,8.1855,0,0,20.1922,0,0,0,43.2592,0,0,0,0,40.724,117.196,0,28.9669,0,110.251,0,4.612,13.9597,13.2302,12.2715,0,0,9.71729,8.49675,0,12.5162,12.5162,12.5162,0,0,0,0,51.781,98.0041,0,29.0368,133.832,127.19,63.0719,0,0,93.0224,123.601,93.0224,109.658,123.628,0,0,0,0,0,0,0,0,0,0,0,0,0,0,0,0,0,0,0,0,0,0,0,0,0,0,0,0,0,0,0,0,0,0,0,0,0,0,0,0,0,0,0,0,0,72.5162,40.7582,0,103.149,0,22.4239,5.85078,20.674,54.847,33.8395,8.76194,117.196,0,0,64.0907,14.1202,92.4971,50.8602,0,29.1179,3.19407,0,32.4623,32.4623,21.8508,6.56037,7.7126,30.2863,28.5427,144.215,73.3591,0,0,0,0,0,0,0,0,0,0,0,0,0,0,283248,705073,0
"1261_W3",76.4602,0,0,0,11.1952,28.9892,0,0,9.99741,13.1221,13.9056,42.8388,2.12875,0,0,28.6913,12.0133,0,0,0,0,79.0853,99.3977,0,0,29.1315,11.5729,0,102.441,0,0,0,0,0,0,0,0,0,0,0,3.08176,0,0,0,0,0,0,9.50971,2.26285,15.7709,0,0,18.1791,0,0,0,1.25061,1.25061,4.39377,0,9.12923,92.8663,0,28.7132,33.2765,0,0,3.21184,0,0,0,0,0,0,0,13.5573,87.2124,5.11091,9.1442,0,0,0,0,0,0,0,0,0,3.145,0,0,0,1.03844,0,0,0,0,67.6461,80.7164,5.24746,100.992,3.6956,0,1.25951,0.637186,0,18.1599,5.00012,0,0,7.17556,71.6366,13.3864,88.1541,5.02232,0,0,0,0,0,51.4026,1.18646,23.932,0,2.30114,0,0,0,11.3902,4.72113,0,0,0,0,0,2.08653,0,0,0,17.5925,0,0,0,0,0,32.5476,0,0,0,103.114,0,0,0,0,0,0,0,0,0,0,0,0,0,0,0,0,0,4.30355,20.6853,0,0,54.997,111.06,9.89282,0,0,69.3126,80.2516,69.3126,77.3586,105.754,0,0,0,0,0,0,0,0,0,0,0,0,0,0,0,0,0,0,0,0,0,0,0,0,0,0,0,0,0,0,0,0,0,0,0,0,0,0,0,0,0,0,0,0,0,6.47206,0,0,49.7081,0,0,0,5.96826,7.01963,0,2.44799,32.5476,0,0,0.75119,9.4604,24.8314,13.9299,0,0,0,0,2.2094,2.2094,0,0.779314,0,0,0,39.7785,18.6368,0,0,0,0,0,0,0,0,0,0,0,0,0,0,114449,881061,0
"1261_W9",173.358,0,0,2.51005,63.9102,179.044,14.8151,0,119.85,94.1038,106.774,180.405,94.5085,0,11.8165,182.384,169.744,2.58396,11.0232,0,94.0231,206.004,192.873,88.8858,55.8091,171.887,0,0,210.198,0,3.83573,11.191,28.3459,0,7.37951,3.69707,12.0431,35.8331,0,41.7422,50.2297,29.9521,35.8331,75.9152,0,43.6525,0,63.5852,33.2261,78.2626,0,44.6116,62.7292,2.06313,20.9685,0,7.06957,8.32811,9.46897,0,128.474,170.859,2.3126,80.8784,187.235,0,0,0,2.48653,0,4.50113,0,5.27327,4.00317,3.11991,51.2893,202.769,148.546,93.5179,0,0,0,24.0334,0,0,0,60.5297,0,40.9844,0,7.48645,0,49.7834,23.8042,50.4608,3.1881,0,175.587,173.644,133.262,198.712,105.148,8.04443,34.4581,4.68421,2.45666,166.84,30.3484,0,0,39.0349,170.715,82.9414,191.396,3.56983,82.931,0,5.21007,0,94.1609,182.47,50.0441,174.617,0,27.063,42.1861,8.94446,3.56678,78.7578,42.6249,0,26.8748,0,4.54406,0,24.2128,13.7387,2.136,2.136,61.899,41.5435,0,3.26214,0,56.2724,185.865,0,60.7986,0,189.282,0,0,0,0,0,0,0,0,0,0,0,0,0,0,1.19789,4.94066,0,78.8087,155.117,0,8.51997,215.055,209.573,85.2387,0,0,96.8019,196.645,96.8019,132.222,165.015,0,0,0,0,0,0,0,0,0,0,0,0,0,0,0,0,0,0,0,0,0,0,0,0,0,0,0,0,0,0,0,0,0,0,0,0,0,0,0,0,0,0,0,0,0,157.717,33.3742,0,141.02,0,22.7054,10.3731,37.9279,80.4445,65.0641,46.7494,185.865,0,8.39993,111.03,15.7543,169.864,73.187,0,8.55682,0,0,66.9129,66.9129,36.5504,10.3494,11.3724,34.9591,77.7711,199.968,154.406,0,0,0,0,0,0,0,0,0,0,0,0,0,0,405736,575960,0
"1262_W3",29.6426,0,0,0,6.53765,15.3327,0,0,3.66066,3.62328,4.95552,24.9277,3.23665,0,0,12.4433,0,0,0,0,0,35.582,49.8067,0,0,14.3214,3.14784,0,51.0665,0,2.6681,4.17639,0,0,0,0,0,0,0,0,2.15375,0,0,7.50411,1.80968,2.9203,0,2.30184,0,7.58315,0,0,8.05138,1.91315,0,0,0,0,1.77492,0,1.39322,41.2543,0,2.24976,15.1819,0,0,0,0,0,0,0,0,0,0,6.57528,34.6983,0,0,0,0,0,0,0,0,0,0,0,0,0,3.13936,0,2.30604,0,0,0,0,27.1901,35.3844,0,53.9008,7.36819,0,3.44375,2.29741,2.19324,10.8829,4.66519,0,3.55921,0,30.6,5.44987,47.6588,2.23935,0,0,0,1.3607,0,11.408,2.30604,10.8259,0,6.08395,0,1.44624,3.17781,2.90182,0,0,0,0,0,0,0,0,0,0,6.77701,0,0,0,0,3.36581,10.3039,0,0,0,54.8404,0,0,0,0,0,0,0,0,0,0,0,0,0,0,2.31191,0,0,4.13314,22.3588,0,2.87235,21.8504,61.1586,5.11274,0,0,17.92,37.7125,17.92,24.8709,35.9214,0,0,0,0,0,0,0,0,0,0,0,0,0,0,0,0,0,0,0,0,0,0,0,0,0,0,0,0,0,0,0,0,0,0,0,0,0,0,0,0,0,0,0,0,0,0,1.05083,0,18.4908,0,0,0,0,3.53335,0,2.44841,10.3039,1.53619,0,3.18031,5.70049,11.2542,6.55899,0,3.28789,2.01198,0,2.8423,2.8423,0,3.61719,0,0,0,14.937,9.62679,0,0,0,0,0,0,0,0,0,0,0,0,0,0,60955.4,936990,0
"1262_W9",232.751,0,0,0,29.5392,303.716,20.8794,0,145.171,131.242,143.317,285.514,168.415,0,128.256,228.522,256.507,1.18371,4.67945,0,145.094,295.243,289.502,106.083,79.7957,274.556,3.66269,0,351.547,0,2.00946,152.606,16.738,21.4698,61.9613,39.5787,27.0739,27.5043,0,29.037,73.4786,22.8852,27.5043,37.8948,0,37.4214,0,133.756,15.9487,131.616,0,21.2004,23.9344,1.71969,11.639,0,14.5383,28.1903,31.4583,0,202.496,277.922,2.30057,97.1792,236.978,0,0,4.01166,1.41351,0,4.42064,0,5.70867,3.99513,4.32593,166.802,288.101,200.873,149.665,0,0,0,0,0,2.35843,0,77.6598,0,50.7659,11.4115,6.03053,0,62.4092,1.13878,39.6477,5.30964,0,255.729,262.381,198.672,313.765,124.573,11.414,63.0697,4.10141,0.805026,304.256,41.5568,19.8792,1.47442,97.6579,233.431,147.805,248.22,3.10255,111.09,0,13.1761,2.58798,116.386,277.975,71.7422,212.552,0,95.2285,19.4647,3.2828,2.32864,136.763,75.8258,6.13719,6.43797,22.3116,4.55313,0,51.8804,0,1.37473,1.37473,23.8569,42.0119,0,2.62698,0,81.3773,258.017,0,34.0189,0,295.415,0,18.105,51.3119,25.9671,15.6827,0,0,36.4796,10.658,0,47.354,47.354,47.354,0,1.19466,12.7816,2.23142,125.197,295.334,0,128.057,323.196,325.279,179.521,9.69323,14.4773,242.309,290.648,242.309,276.405,310.961,0,0,0,0,0,0,0,0,0,0,0,0,0,0,0,0,0,0,0,0,0,0,0,0,0,0,0,0,0,0,0,0,0,0,0,0,0,0,0,0,0,0,0,0,0,221.302,78.9899,3.95993,245.437,0,34.7732,10.6681,86.0913,120.753,101.124,56.9071,258.017,1.12677,15.5517,126.56,65.52,329.883,127.663,0,132.01,1.37279,0,88.2316,88.2316,80.9005,8.47119,4.27147,26.0545,115.434,348.383,199.161,0,0,0,0,0,0,0,0,0,0,0,0,0,0,560203,410895,0
"1263_W3",22.095,0,0,0,5.57859,23.9428,0,0,7.33509,26.171,30.9207,19.4491,0,0,0,21.945,13.3979,0,0,0,0,28.2604,27.1704,2.37402,0,17.5951,2.56185,0,30.1098,0,0.696787,0,0,0,0,0,0,0,0,0,2.48253,0,0,0,0,0,0,12.8824,4.56256,37.6415,0,0,4.92353,0,0,0,0,0,0.929825,0,11.2404,27.0467,0,0,24.9523,0,0,0,0,0,0,0,0,0,0,8.74369,31.615,6.23955,13.0345,0,0,0,0,0,0,0,0,0,1.46812,0,0,0,0,0,0,0,0,21.7109,23.2217,4.76795,34.8767,0,0,1.771,0,0,21.7463,0.909548,0,1.36464,0,22.3856,12.6344,27.0033,0.962411,0,0,0,2.42962,0,21.0932,2.84505,18.4433,0,3.12668,0,0.760877,1.05085,10.9123,2.56482,0,0,0,0,0,0,0,0,0,4.53356,0,0,0,0,0,19.0925,0,0,0,35.0988,0,0,0,0,0,0,0,0,0,0,0,0,0,0,0,0,0,8.13032,10.1079,0,0,34.0585,39.0072,9.61821,0,0,8.94695,31.9913,8.94695,14.1505,21.9679,0,0,0,0,0,0,0,0,0,0,0,0,0,0,0,0,0,0,0,0,0,0,0,0,0,0,0,0,0,0,0,0,0,0,0,0,0,0,0,0,0,0,0,0,0,8.07434,2.35116,0,17.9381,0,0,0,2.32938,14.9862,0,3.61808,19.0925,0,0,0,5.11976,10.6254,3.03941,0,0,0,0,0,0,0,0,0,0,0,24.4688,11.7901,0,0,0,0,0,0,0,0,0,0,0,0,0,0,114898,883186,0
"1263_W9",32.5644,0,0,0,4.00901,12.2715,0,0,0,37.9985,45.5646,48.7207,0,0,0,29.4989,24.3187,0,0,0,6.6496,51.0728,56.0574,0,0,41.5273,0,0,63.7566,0,0,0,0,0,0,0,0,0,0,0,1.40849,0,0,5.62306,0,0,0,25.9276,0,45.0337,0,0,3.76578,0,0,0,0,0,0,0,9.48407,44.6985,0,27.1784,32.365,0,0,1.35917,0,0,0,0,0,0,0,0,48.3983,11.3889,29.3298,0,0,0,0,0,0,0,0,0,0,0,0,0,0,0,0,0,0,35.1222,40.4882,3.75719,59.3076,2.40939,0,0,0,0,25.7801,0,0,0,3.28064,38.0654,0,46.011,0,5.73127,0,0,1.41331,0,39.0808,12.1683,25.5484,0,0,0,0,0,0,20.8344,0,0,0,0,0,0,0,0,0,3.74071,0,0,0,0,0,39.3792,0,0,0,71.3776,0,0,0,0,0,0,0,0,0,0,0,0,0,0,0,0,0,0,4.86577,20.0095,0,54.5104,53.0944,27.1116,0,0,22.3905,52.4601,22.3905,31.6046,43.9433,0,0,0,0,0,0,0,0,0,0,0,0,0,0,0,0,0,0,0,0,0,0,0,0,0,0,0,0,0,0,0,0,0,0,0,0,0,0,0,0,0,0,0,0,0,16.2823,4.45969,0,37.3944,0,0,7.80142,0,32.729,0,0,39.3792,0,0,0.964562,0,0,32.2957,0,0,0,0,0,0,0,0,0,2.74073,0,46.0995,6.76162,0,0,0,0,0,0,0,0,0,0,0,0,0,0,120056,876917,0
"1264_W3",29.2632,0,0,0,0,24.6516,0,0,3.21542,28.967,29.7405,23.1524,0,0,0,21.177,14.6359,0,0,0,0,38.6933,43.9305,1.42533,1.50789,18.2276,0,0,47.776,0,0,0,0,0,0,0,0,0,0,0,2.99024,0,0,0,0,0,0,17.9081,2.83472,48.2173,0,0,0,0,0,0,0,0,0,0,0.729706,33.7983,0,8.39746,24.5056,0,0,1.80718,0,0,0,0,0,0,0,4.69143,36.4977,3.28332,10.0577,0,0,0,0,0,0,0,0,0,0,0,0,0,0,0,0,0,0,25.2016,30.7775,2.42289,44.4806,0,0,0,0,0,35.8278,1.19927,0,0,7.40935,28.5465,7.48602,35.3884,3.0429,0,0,0,0,0,21.0009,6.89871,18.8197,0,0,0,0,0,7.52141,4.01248,0,0,0,0,0,0,0,0,0,0,0,0,0,0,0.911208,24.1426,0,0,0,40.0618,0,0,0,0,0,0,0,0,0,0,0,0,0,0,0,0,0,8.67578,8.14966,7.54354,0,31.7795,44.2215,9.0062,0,0,8.36407,36.8039,8.36407,13.7771,23.3792,0,0,0,0,0,0,0,0,0,0,0,0,0,0,0,0,0,0,0,0,0,0,0,0,0,0,0,0,0,0,0,0,0,0,0,0,0,0,0,0,0,0,0,0,0,8.00805,4.53632,0,17.1896,0,0,2.29776,0,12.5898,0,0,24.1426,0,0,0,3.30921,6.59342,12.3194,0,0,0,0,0,0,0,0,0,0,0,19.4268,9.87822,0,0,0,0,0,0,0,0,0,0,0,0,0,0,145642,852295,0
"1264_W9",101.9,0,0,0,57.3304,113.705,10.0541,0,57.4206,90.6059,104.7,131.844,47.9096,0,49.264,152.81,89.7846,0.642027,2.5804,0,64.7117,146.403,220.528,35.8903,22.7549,130.58,0,0,173.012,0,0,54.9382,2.5473,0,4.76751,2.29097,9.42329,5.35241,0,30.4573,17.3171,5.07513,5.35241,52.509,0,32.2428,0,46.4615,11.9555,73.2029,0,30.4299,52.9558,0,3.6803,0,0,5.31236,5.49979,0,63.7908,116.29,0,86.1823,157.604,0,0,0,0,0,0,0,0,0,0,68.7951,143.464,88.9634,49.8476,0,0,0,0,0,0,0,8.92612,0,0.975679,0,0,0,29.6887,0,16.2511,0,0,145.909,153.683,68.9267,165.329,14.1773,5.38086,13.9063,1.08926,0,81.4658,8.49048,2.64313,0,38.8834,107.533,63.4399,117.548,6.24442,58.634,14.317,0,0,26.1177,104.984,29.6887,153.134,0,20.6033,18.433,1.73735,0,58.4629,45.3488,0,0,0,0,0,6.08993,0,0,0,52.4108,2.05117,0,0,0,28.6773,81.6483,0,6.34493,0,160.587,0,0,0,0,0,0,0,0,0,0,0,0,0,0,0,0,0,33.4784,116.839,46.8781,46.0391,155.425,146.44,82.0938,0,0,84.6247,174.994,84.6247,115.645,146.565,0,0,0,0,0,0,0,0,0,0,0,0,0,0,0,0,0,0,0,0,0,0,0,0,0,0,0,0,0,0,0,0,0,0,0,0,0,0,0,0,0,0,0,0,0,95.6818,22.1714,0,130.045,0,3.24445,55.3463,13.3417,76.641,15.7059,6.17329,81.6483,0,0,15.8221,13.1502,52.2421,52.8421,0,47.9582,0,0,8.81394,8.81394,7.48259,0,1.33034,33.3723,17.4062,155.799,93.1912,0,0,0,0,0,0,0,0,0,0,0,0,0,0,327549,660178,0
"1265_W3",37.9446,0,0,0,7.09822,11.9749,0,0,3.7172,11.1226,16.2794,26.2266,2.36449,0,2.3624,22.8315,11.9934,0,0,0,1.2299,38.0533,48.8933,0,0,23.5302,5.91959,0,44.6955,0,1.53511,2.74173,0,0,0,0,0,0,0,0,4.35413,0,0,6.79416,1.27401,0,1.57443,5.37621,0,4.00175,0,0,7.83351,1.41019,0,0,1.43721,1.90401,3.41959,0,4.54824,38.9457,0,19.1006,24.9491,0,0,5.46203,0,0,0,0,0,0,0,8.50368,34.1689,12.1114,10.4778,0,0,0,0,0,0,0,0,0,0,0,0,0,2.79586,0,0,0,0,33.6655,37.3084,5.53111,43.5936,7.92091,0,3.95354,1.27937,1.42509,8.05909,2.47448,0,2.05822,6.24762,33.9796,7.27187,41.5584,2.94521,1.05537,0,0,0.992447,0,21.5493,2.79586,20.2791,0,6.80285,0,1.18606,1.7528,4.0789,8.43147,0,0,2.97056,0,0,1.72269,0,0,0,7.76933,0,0,0,0,0,14.1755,0,0,0,52.3396,0,0,0,0,0,0,0,0,0,0,0,0,0,0,1.44657,2.47702,0,2.20763,18.4199,13.1355,1.99065,34.8698,40.5459,15.1862,0,0,26.4216,46.3327,26.4216,34.4175,43.8393,0,0,0,0,0,0,0,0,0,0,0,0,0,0,0,0,0,0,0,0,0,0,0,0,0,0,0,0,0,0,0,0,0,0,0,0,0,0,0,0,0,0,0,0,0,14.1665,0.689934,0,33.598,0,0,14.1218,3.10709,4.58778,0,1.87952,14.1755,1.12296,0,3.09666,10.2063,12.4418,31.9944,0,2.15057,1.43312,0,4.77089,4.77089,0,3.41869,0,0,0,21.1834,11.7195,0,0,0,0,0,0,0,0,0,0,0,0,0,0,60818.3,936720,0
"1265_W9",60.0691,0,0,0,0,26.9161,0,0,4.76688,26.7651,41.9666,56.7816,2.82293,0,0,40.3812,23.8226,0,0,0,0,45.5219,72.2794,0,0,55.2633,0,0,66.8331,0,0,0,0,0,0,0,0,0,0,0,4.47998,0,0,0,0,0,0,12.4825,0,33.5312,0,0,0,0,0,0,1.61252,1.61252,1.36843,0,0,53.5676,0,60.0166,44.1074,0,0,0,0,0,0,0,0,0,0,0,50.3096,9.21802,0,0,0,0,0,0,0,0,0,0,3.97586,0,0,0,2.0703,0,0,0,0,49.8224,50.7409,0,71.4481,7.22404,0,3.06135,1.6571,0,17.4868,4.73154,0,1.81279,9.07587,46.7905,0,64.0102,3.31152,0,0,0,0,0,40.8385,2.2479,34.8932,0,5.46821,0,0,0,13.1752,30.9976,0,0,5.737,0,0,0,0,0,0,0,0,0,0,0,0,18.2592,0,0,0,84.083,0,0,0,0,0,0,0,0,0,0,0,0,0,0,0,0,0,10.327,26.9168,17.9078,0,59.2769,56.6778,38.548,0,0,38.5758,62.4038,38.5758,48.6378,68.833,0,0,0,0,0,0,0,0,0,0,0,0,0,0,0,0,0,0,0,0,0,0,0,0,0,0,0,0,0,0,0,0,0,0,0,0,0,0,0,0,0,0,0,0,0,22.4716,0,0,55.857,0,0,35.6942,0,17.9538,0,0,18.2592,0,0,0,0,2.86246,60.3755,0,0,2.59135,0,0,0,0,0,0,0,0,18.9327,27.7495,0,0,0,0,0,0,0,0,0,0,0,0,0,0,103337,892891,0
"1266_W3",22.5063,0,0,0,9.13591,12.8272,0,0,4.96682,14.4617,15.9555,22.7125,2.52888,0,2.95588,14.0572,13.6296,1.89785,0,0,0,22.4255,26.8242,2.53256,2.81062,20.5636,6.10031,0,26.617,0,2.65957,3.93816,0,0,0,0,0,0,0,0,1.50209,0,0,6.69459,2.11171,2.857,0,8.55407,3.29517,6.69328,0,0,10.2162,1.81083,0,0,0,0,2.89896,0,7.24131,24.6098,0,14.7779,15.2652,0,0,2.71671,0,0,0,0,0,0,0,11.8201,22.5171,8.94693,7.65286,0,0,0,0,0,0,0,0,0,0,0,2.22266,0,1.70905,0,0,0,0,16.8613,19.5666,2.84433,23.1619,8.77949,0,3.40982,1.90066,1.4313,12.5544,2.83789,0,2.5538,0,16.8883,7.14376,24.2253,1.79923,0,0,0,0,0,14.3997,1.70905,12.2395,0,5.89095,0,3.17127,2.70121,7.28043,7.48608,0,0,4.68352,0,0,0,0,1.70777,1.70777,9.85551,0,0,0,0,2.00654,15.3759,0,0,0,26.14,0,0,0,0,0,0,0,0,0,0,0,0,0,0,2.61412,0,0,4.80173,19.3553,9.59458,2.77032,24.656,26.9799,11.7429,0,0,17.7719,26.2686,17.7719,21.8525,27.0086,0,0,0,0,0,0,0,0,0,0,0,0,0,0,0,0,0,0,0,0,0,0,0,0,0,0,0,0,0,0,0,0,0,0,0,0,0,0,0,0,0,0,0,0,0,10.4023,0,0,22.2501,0,0,7.0814,3.33651,6.20985,0,4.21039,15.3759,2.34988,0,2.75272,9.61321,9.40079,17.6752,0,3.12936,2.75508,0,6.24713,6.24713,0,3.41801,0,0,0,17.1699,12.6538,0,0,0,0,0,0,0,0,0,0,0,0,0,0,55534.9,942692,0
"1266_W9",298.123,0,0,1.63007,98.0377,227.459,0,0,164.812,138.961,150.154,275.47,118.359,0,111.588,251.846,165.024,0,0,0,137.81,260.303,323.545,92.0537,39.8091,260.009,0,0,336.045,0,0,115.189,25.567,0,18.4553,21.3885,24.2203,10.8729,0,31.6113,62.4061,8.80791,10.8729,100.993,0,35.0016,0,155.115,72.9077,41.4334,0,89.0774,151.652,0,6.75245,0,0,1.82837,1.83118,0,196.728,276.838,0,261.631,262.706,0,0,0,0,0,0,0,3.04962,0,1.89645,112.029,286.744,261.213,18.5322,0,0,0,4.25327,0,0,0,4.61997,0,14.5151,0,2.32849,0,18.5084,4.20892,27.8443,0.760572,0,238.472,271.603,221.033,303.02,38.4123,0,7.32678,2.84526,0,128.605,69.753,3.59237,2.66966,53.4577,281.593,80.8555,302.761,1.54538,119.593,0,5.43877,0,127.446,270.362,18.5084,231.419,0,10.3646,10.4574,0,0,167.967,105.397,0,0,4.29198,0,0,34.5769,0,0,0,150.95,12.3164,4.43959,0,0,124.135,203.877,0,12.4904,3.7498,349.398,0,0,0,0,0,0,0,0,0,0,0,0,0,0,1.64008,0,0,103.421,329.179,193.74,94.1287,337.007,315.742,114.943,0,0,122.297,373.907,122.297,187.007,240.823,0,0,0,0,0,0,0,0,0,0,0,0,0,0,0,0,0,0,0,0,0,0,0,0,0,0,0,0,0,0,0,0,0,0,0,0,0,0,0,0,0,0,0,0,0,273.941,77.9894,0,224.778,0,12.5952,165.276,14.4695,44.3993,6.97211,9.1815,203.877,0,0,15.1475,0,139.904,212.067,0,95.0014,1.57974,0,24.7219,24.7219,4.17063,4.78163,0,28.8794,9.4509,324.962,232.809,0,0,0,0,0,0,0,0,0,0,0,0,0,0,532311,441494,0
"1267_W3",80.9259,0,0,0,18.1885,36.9423,0,0,6.9407,37.5637,61.251,70.3099,1.39197,0,2.22951,50.4864,41.3594,1.03832,0,0,2.69914,63.3363,126.922,0,0,67.0372,11.0685,0,88.3271,0,0.90196,2.19085,0,0,0,0,0,0,0,0,4.63135,0,0,0,0,1.60744,0,15.8431,0,30.7843,0,0,17.5234,0,0,0,0,2.67011,4.6295,0,6.30297,54.9445,0,62.0622,54.6814,0,0,2.06554,0,0,0,0,0,0,0,16.1507,61.4029,22.8991,12.0386,0,0,0,0,0,0,0,0,0,2.18427,0,1.20297,0,0,0,0,0,0,56.6486,68.598,9.94717,88.9143,2.49678,0,1.57554,1.11052,0,33.857,3.57061,0,0,0,67.517,15.5504,85.6637,4.18466,2.29786,0,0,0,0,50.93,0,43.8599,0,2.86269,0,0.910304,1.35152,11.8552,42.945,0,0,0,0,0,0,0,0,0,17.4004,0,0,0,0,0,28.4341,0,0,0,107.124,0,0,0,0,0,0,0,0,0,0,0,0,0,0,0,0,0,13.391,19.4585,28.2875,1.58689,83.8837,81.0769,31.1577,0,0,28.9237,84.9728,28.9237,43.4505,66.4157,0,0,0,0,0,0,0,0,0,0,0,0,0,0,0,0,0,0,0,0,0,0,0,0,0,0,0,0,0,0,0,0,0,0,0,0,0,0,0,0,0,0,0,0,0,41.2737,0,0,56.196,0,0,55.9405,3.82461,8.20658,0,0,28.4341,0.896086,0,0.868778,20.1156,18.0803,56.7971,0,1.7007,0,0,1.50526,1.50526,0,1.11829,0,0,0,41.1658,27.933,0,0,0,0,0,0,0,0,0,0,0,0,0,0,140027,855199,0
"1267_W9",145.744,0,0,0,0,0,0,0,0,13.7906,109.697,134.629,0,0,0,89.2789,13.8671,0,0,0,0,96.9038,174.231,0,0,129.432,0,0,119.377,0,0,0,0,0,0,0,0,0,0,0,0,0,0,0,0,0,0,3.22259,0,19.5697,0,0,0,0,0,0,0,0,0,0,17.9018,106.811,0,145.239,96.8367,0,0,0,0,0,0,0,0,0,0,0,103.375,2.70726,14.9354,0,0,0,0,0,0,0,0,0,0,0,0,0,1.13949,0,0,0,0,116.326,118.726,0,144.242,0,0,0,0,0,7.55992,0,0,0,0,128.342,0,154.812,0,0,0,0,0,0,106.445,4.76245,76.1153,0,0,0,0,0,0,84.8736,0,0,0,0,0,0,0,0,0,0,0,0,0,0,0,44.6528,0,0,0,214.859,0,0,0,0,0,0,0,0,0,0,0,0,0,0,0,0,0,0,5.98596,44.4751,0,160.374,151.827,78.5535,0,0,86.116,162.014,86.116,113.323,151.696,0,0,0,0,0,0,0,0,0,0,0,0,0,0,0,0,0,0,0,0,0,0,0,0,0,0,0,0,0,0,0,0,0,0,0,0,0,0,0,0,0,0,0,0,0,12.136,0,0,128.47,0,0,120.364,0,8.12576,0,2.25157,44.6528,0,0,0,0,0,145.7,0,0,0,0,0,0,0,0,0,0,0,18.4755,0,0,0,0,0,0,0,0,0,0,0,0,0,0,0,196373,796271,0
"1268_W3",72.5741,0,0,0,4.3116,12.9461,0,0,2.14124,73.2869,87.1239,79.5067,0,0,0,57.2251,10.7002,0,0,0,0,97.3541,92.1476,0,0,57.8567,2.55488,0,100.998,0,0,0,0,0,0,0,0,0,0,0,0,0,0,0,0,0,0,34.3899,0,104.771,0,0,4.03172,0,0,0,0,0,1.37532,0,11.4466,91.1717,0,25.2947,66.9116,0,0,0,0,0,0,0,0,0,0,1.74829,105.234,2.7502,50.9856,0,0,0,0,0,0,0,0,0,0.574383,0,0,0,2.55443,0,0,0,0,59.1189,69.3333,1.03026,114.808,0,0,0,0,0,16.6482,0,0,0,33.6346,73.574,10.0053,95.1277,0,0,0,0,0,0,72.0244,31.2295,49.2806,0,0,0,0,0,0.879825,19.5584,0,0,0,0,0,0,0,0,0,3.99469,0,0,0,0,0,72.107,0,0,0,119.374,0,0,0,0,0,0,0,0,0,0,0,0,0,0,0,0,0,0,0,0,0,0,0,0,0,0,0,0,0,0,0,20.8562,73.0544,50.7245,0,0,0,0,0,0,0,0,0,0,0,0,0,0,3.80471,0,0,0,0,0,0,0,0,5.99996,0,2.07071,0,0,0,0,119.374,119.374,91.1357,0,0,0,0.588736,101.244,58.7,0,0,1.74829,0,0,0,0,0,0,0,0,0,0,0,0,0,0,0,0,0,0,0,0,0,0,0,0,0,0,0,0,0,0,0,0,1.39013,2.2726,0,1.3499,0,0,0,0,0,0,36.3185,113.371,41.449,162217,832547,158.066
"1268_W9",10.7622,0,0,0,0,0,0,0,0,7.99048,8.07184,20.1528,0,0,0,7.99915,0,0,0,0,0,135.841,133.964,0,0,8.11997,2.29297,0,154.883,0,0.64536,1.8469,0,0,0,0,0,0,0,0,0,0,0,0,0,0,0,4.78359,0,9.56245,0,0,0,0,0,0,0,0,0,0,163.446,144.135,0,160.04,9.52304,0,0,0,0,0,0,0,0,0,0,0,142.788,0,6.8912,0,0,0,0,0,0,0,0,0,0,0,0.577607,0,0,0,0,0,0,143.397,136.373,0,29.9185,5.01213,0,0,1.57913,0,7.64583,0,0,0,5.90993,15.6708,0,152.279,0,0,0,0,0,0,17.9881,2.57101,6.06559,0,2.07803,0,0.653858,0.680751,1.17528,3.00352,0,0,0,0,0,0,0,0,0,0,0,0,0,0,0,89.6764,0,0,0,167.119,0,0,0,0,0,0,0,0,0,0,0,0,0,0,0,0,0,0,0,0,0,0,0,0,0,0,0,0,0,0,0,3.19588,8.89014,10.206,2.22689,0,0,1.69828,0,0,0,0,0,0,0,0,2.21087,0,0,0,0,0,5.05767,0,0,0,0,0,0,7.56962,1.66722,0,0,0,167.119,167.119,130.806,0,0,0,0,12.7375,142.55,0,0,0,0,0,0,0,0,0,0,0,0,0,0,0,0,0,0,0,0,0,0,0,0,0,0,0,0,0,0,0,0,0,0,0,0.929155,2.35844,0,0,0,0,0,0,0,0,4.69282,154.06,7.1487,85197.1,909023,188.127
"1269_W3",41.6321,0,0,0,5.10707,8.25316,0,0,1.52677,75.8014,92.5526,51.009,0,0,0,44.6604,19.4635,0,0,0,0,64.8927,71.8524,0,0,40.4815,11.7848,0,57.6288,0,0,0,0,0,0,0,0,0,0,0,0,0,0,0,0,1.89622,0,33.8337,0,101.547,0,0,13.8126,0,0,0,0,0,3.02605,0,59.8102,64.0215,0,30.4748,51.6583,0,0,0,0,0,0,0,0,0,0,9.62375,68.1829,5.71413,38.0742,0,0,0,0,0,0,0,0,0,0,0,0,0,0,0,0,0,0,35.0738,40.2332,1.19004,74.858,0,0,0,0,0,35.725,0,0,0,16.6734,53.4859,0,66.2942,0,0,0,0,0,0,54.6349,40.5553,35.7822,0,0,0,0,0,0,20.6306,0,0,0,0,0,0,0,0,0,13.1605,0,0,0,0,0,45.3741,0,0,0,98.6689,0,0,0,0,0,0,0,0,0,0,0,0,0,0,0,0,0,0,0,0,0,0,0,0,0,0,0,0,0,0,0,27.5373,73.863,44.4005,7.15825,0,0,0,0,0,0,0,0,0,0,0,0,0,0,0,0,0,0,0,0,0,0,3.02949,0,10.0745,0,0,0,0,98.6689,98.6689,61.0025,0,0,0,1.63603,57.8396,38.8582,0,0,9.62375,0,0,0,0,0,0,0,0,0,0,0,0,0,0,0,0,0,0,0,0,0,0,0,0,0,0,0,0,0,0,0,0,1.80045,0,0,0,0,0,0,0,0,0,32.882,138.071,34.9873,156104,839540,183.626
"1269_W9",27.9728,0,0,0,28.7684,36.9956,0,0,0,26.4349,29.449,32.9594,0,0,0,19.4846,5.00627,0,0,0,33.2594,27.0924,26.9252,0,0,25.5204,0,0,27.941,0,0,2.49751,0,0,0,0,0,0,0,0,0,0,0,0,0,0,0,13.3666,0,22.005,0,0,30.5511,0.67184,0,0,0,0,0,0,28.8785,36.0645,0,29.1573,22.405,0,0,0,0,0,0,0,0,0,0,1.54139,35.1432,1.84791,11.8754,0,0,0,0,0,0,0,0,0,0,0,0,0,3.56175,0,0,0,0,27.8474,26.336,2.11971,42.0764,4.84578,0,0,0,0,34.3256,1.10266,0,0,11.5721,33.6715,0,32.5791,0,32.2057,0,0,2.34161,0,35.476,10.812,16.4187,0,1.52557,0,0.551931,0,0,4.59384,0,0,0,0,0,0,0,0,0,26.7707,0,0,0,0,0,31.2991,0,0,0,40.9303,0,0,0,0,0,0,0,0,0,0,0,0,0,0,0,0,0,0,0,0,0,0,0,0,0,0,0,0,0,0,0,17.4173,23.5225,19.8601,0,0,0,0,0,0,0,0,0,0,0,0,3.93349,0,0,0,0,0,0,0,0,0,0,0,0,27.6773,2.21209,0,0,0,40.9303,40.9303,26.9252,0,0,0,0,40.5935,34.0706,0,0,1.54139,0,0,0,0,0,0,0,0,0,0,0,0,0,0,0,0,0,0,0,0,0,0,0,0,0,0,0,0,0,0,0,0,2.20858,27.3982,0,23.3381,1.06214,0,0,0,0,0,8.26313,42.1404,9.21504,111464,886138,53.7258
"1270_W3",44.1173,0,0,0,0,0,0,0,0,73.8718,86.9494,83.2654,0,0,0,40.7128,58.7704,0.997699,0,0,0,55.6102,56.7601,0,0,76.2289,12.1016,0,74.5607,0,2.75328,5.0352,0,0,0,0,0,0,0,0,0,0,0,10.5536,0,0,0,38.4298,0,98.1219,0,0,9.12928,1.75465,0,0,2.64003,2.64003,3.47843,0,38.5635,68.8726,0,16.5664,47.0489,0,0,0,0,0,0,0,0,0,0,8.20548,79.4859,10.8094,33.374,0,0,0,0,0,0,0,0,0,1.91923,0,2.36602,0,11.4282,0,0,0,0,39.2667,44.181,0,87.9116,11.3299,0,0,3.31072,0,91.923,0,0,2.64684,12.0937,68.2611,0,65.0639,0,0,0,0,2.13173,0,69.3534,16.8571,33.0715,0,9.14938,0,3.52426,2.21458,3.15311,23.6814,0,0,0,0,0,0,0,1.25238,1.25238,8.69848,0,0,0,0,0,57.0488,0,0,0,100.975,0,0,0,0,0,0,0,0,0,0,0,0,0,0,0,0,0,0,0,0,0,0,0,0,0,0,0,0,0,0,0,39.5581,95.4354,36.6475,22.4157,0,0,0,0,0,0,0,0,0,0,0,7.73074,0,0,0,0,0,21.5649,0,0,0,0,0,0,34.7908,4.49193,0,0,0,100.975,100.975,49.1847,0,0,0,0,76.5394,39.6261,0,0,8.20548,0,0,0,0,0,0,0,0,0,0,0,0,0,0,0,0,0,0,0,0,0,0,0,0,0,0,0,0,0,0,0,0,1.25748,3.53403,0,4.2225,4.32534,0,0,0,0,0,17.2526,111.314,28.3238,139908,854990,152.511
"1270_W9",83.0799,0,0,0,14.1501,25.4831,0,0,16.2226,21.9068,20.5468,79.9525,2.26315,0,0,36.7076,0,0,0,0,8.68349,98.3006,97.9979,1.44985,4.75154,39.4929,0,0,99.5901,0,0,0,0,0,0,0,0,0,0,0,0,0,0,15.0084,0,0,0,11.6672,3.96611,29.8733,0,7.08633,16.1372,0,0,0,0,0,0,0,49.406,90.0782,0,68.5823,42.0351,0,0,0,0,0,0,0,0,0,0,11.3501,110.943,0,9.32512,0,0,0,0,0,0,0,0,0,0,0,0,0,0,0,0,0,0,86.3311,91.6991,0,100.232,4.31526,0,0,0,0,12.5537,3.28492,0,0,3.76779,69.5091,16.6607,101.609,0,8.0996,0,0,0,0,68.7731,6.47723,29.8294,0,0,0,0,0,12.7113,0,0,0,0,0,0,0,0,0,0,15.8658,0,0,0,0,3.32382,69.6072,0,0,0,119.566,0,0,0,0,0,0,0,0,0,0,0,0,0,0,0,0,0,0,0,0,0,0,0,0,0,0,0,0,0,0,0,4.47236,21.4443,26.6198,0,0,0,0,0,0,0,0,0,0,0,0,0,0,12.8338,0,0,0,15.9953,0,0,0,0,42.5708,0,33.7993,0,0,2.30747,0,119.566,119.566,93.3579,0,0,0,0,72.1892,89.3453,0,6.11557,11.3501,0,0,0,0,0,0,0,0,0,0,0,0,0,0,0,0,0,0,0,0,0,0,0,0,0,0,0,0,0,0,0,0,8.1177,29.751,0,10.4697,0,0,0,0,0,0,14.1949,117.646,7.01653,122568,872039,130.788
"1271_W3",61.6938,0,0,0,16.117,28.299,0,0,13.3034,43.0157,54.388,76.2897,3.08492,0,0,51.3766,16.6196,0,0,0,0,90.8989,86.1912,1.17612,0,45.0723,6.77905,0,104.52,0,0,0,0,0,0,0,0,0,0,0,0,0,0,4.42277,0,10.082,0,20.2385,2.30791,55.6113,0,0,16.8702,0,0,0,0,0,2.99036,0,47.5585,90.402,0,62.235,57.8383,0,0,0,0,0,0,0,0,0,0,11.7979,93.0651,4.79673,37.8856,0,0,0,0,0,0,0,0,0,6.84393,0,0.649397,0,1.97381,0,0,0,0,74.1073,77.1709,3.47917,96.2054,4.79059,0,1.30379,0.946529,0,28.0484,3.30393,0,0,6.59068,63.6338,27.1612,84.5348,0,0,0,0,1.35492,0,64.5164,18.8628,43.2964,0,2.41099,0,0,0,8.26385,8.45304,0,0,0,0,0,0,0,0,0,16.5319,0,0,0,0,0,63.4729,0,0,0,112.128,0,0,0,0,0,0,0,0,0,0,0,0,0,0,0,0,0,0,0,0,0,0,0,0,0,0,0,0,0,0,0,5.67507,36.1217,37.8124,9.35483,0,0,0,0,0,0,0,0,0,0,0,1.69492,0,18.4235,0,0,2.00262,16.5885,0,0,0,0,26.5493,0,21.7506,0,0,1.79628,0,112.128,112.128,86.1912,0,0,0,2.58391,66.0377,78.5493,0,0,11.7979,0,0,0,0,0,0,0,0,0,0,0,0,0,0,0,0,0,0,0,0,0,0,0,0,0,0,0,0,0,0,0,0,8.54024,7.59662,0,3.89052,0.673165,0,0,0,0.787021,0,24.5252,114.407,30.4132,133791,860906,129.666
"1271_W9",436.05,0,0,0,104.49,332.693,0,0,336.452,269.654,296.655,501.579,210.895,0,32.2921,534.185,245.006,0,0,0,155.325,406.46,581.561,167.635,95.5435,466.091,20.314,0,523.288,0,0,30.4488,9.11611,0,23.254,45.7729,9.59958,24.8242,0,24.3672,25.8908,0.577588,24.8242,85.0269,0,15.4984,0,151.09,107.083,82.9677,0,54.3813,253.385,0,25.6809,0,0,7.38089,13.6913,0,310.49,415.837,0,346.035,538.233,0,0,2.57974,0,0,0,0,0,0,0,199.778,509.914,267.186,102.513,0,0,0,0,0,0,0,0,0,0,0,0,0,37.3855,23.4831,0,0,0,521.045,505.121,243.289,564.407,136.15,0,13.8206,0,0,215.368,164.844,0,0,169.88,413.418,190.567,502.782,5.86586,134.936,0,8.53112,0,226.554,350.363,43.6455,528.013,0,20.3831,59.309,0,0,210.804,193.285,0,0,0,0,0,41.998,0,0,0,250.834,0,0,0,0,140.021,326.154,0,70.9705,0,589.796,0,0,0,0,0,0,0,0,0,0,0,0,0,0,0,0,0,0,0,0,0,0,0,0,0,0,0,0,0,0,0,274.763,231.275,314.879,10.5771,0,0,168.401,0,0,3.4376,87.3278,63.1889,0,77.7906,0,198.691,20.9309,388.691,0,0,15.4225,235.003,0,0,0,68.6777,212.832,0,472.788,26.849,12.305,0,0,589.796,589.796,381.374,0,0,0,34.1523,571.336,494.589,50.5468,44.164,199.778,0,0,0,0,0,0,0,0,0,0,0,0,0,0,0,0,0,0,0,0,0,0,0,0,0,0,0,0,0,0,0,0,235.184,147.066,0,246.879,0,0,0,0,142.977,0,318.896,459.724,75.1153,645177,313822,548.238
"1272_W3",39.0801,0,0,0,0,0,0,0,0,51.5231,55.0618,40.1555,0,0,0,8.70955,17.0715,2.24733,0,0,0,50.9873,49.3444,0,0,33.3429,8.2076,0,45.0803,0,2.80828,7.8187,0,0,0,0,0,0,0,0,0,0,0,11.7402,0,0,0,28.783,0,47.8574,0,0,10.7791,2.50067,0,0,1.55743,1.55743,2.9148,0,50.2852,46.0349,0,33.5936,10.3356,0,0,0,0,0,0,0,0,0,0,2.87835,56.0113,5.56751,12.5461,0,0,0,0,0,0,0,0,0,0,0,1.75761,0,10.4185,0,0,0,0,36.5464,38.6221,0,58.6601,8.86749,0,0,3.62277,0,27.6085,1.94808,0,3.0172,10.1543,40.6208,0,52.9072,0,0,0,0,2.00699,0,42.9601,18.3372,6.66486,0,5.39917,0,3.96753,1.8994,2.20565,4.51457,0,0,0,0,0,0,0,0,0,10.4919,0,0,0,0,0,36.261,0,0,0,83.1826,0,0,0,0,0,0,0,0,0,0,0,0,0,0,0,0,0,0,0,0,0,0,0,0,0,0,0,0,0,0,0,22.8465,37.106,35.4275,17.0285,0,0,5.2093,0,0,0,0,0,0,0,0,7.96349,0,0,0,0,0,15.0245,0,0,0,0,0,0,26.4326,7.12947,0,0,0,83.1826,83.1826,49.3444,0,0,0,0,42.3519,42.9647,0,0,2.87835,0,0,0,0,0,0,0,0,0,0,0,0,0,0,0,0,0,0,0,0,0,0,0,0,0,0,0,0,0,0,0,0,1.63406,8.16123,0,3.21264,3.01231,0,0,0,0,0,4.4031,95.2631,10.3482,119481,876963,121.138
"1272_W9",21.0735,0,0,0,0,0,0,0,0,34.0319,51.3442,26.6669,0,0,0,41.3885,31.9477,1.97817,0,0,0,24.9766,30.1324,0,0,23.4863,5.66642,0,21.796,0,4.84843,6.03534,0,0,0,0,0,0,0,0,0,0,0,8.43442,0,0,0,13.3805,0,40.3995,0,0,7.78516,3.63,0,0,2.12665,2.12665,2.24412,0,16.1999,24.299,0,16.4097,46.5589,0,0,0,0,0,0,0,0,0,0,4.77845,24.6583,11.7831,17.329,0,0,0,0,0,0,0,0,0,0,0,3.39739,0,10.8213,0,0,0,0,18.9046,20.1041,0,33.356,7.10093,0,0,4.39512,2.34663,41.941,4.28541,0,3.03886,13.9432,30.3666,0,26.7946,0,0,0,0,5.41174,0,24.8469,13.8815,37.3019,0,12.4812,0,5.28323,5.52155,7.19145,19.082,0,0,0,0,0,0,0,2.39189,2.39189,7.48515,0,0,0,0,0,12.3296,0,0,0,47.9268,0,0,0,0,0,0,0,0,0,0,0,0,0,0,0,0,0,0,0,0,0,0,0,0,0,0,0,0,0,0,0,15.8866,37.3819,23.1889,0,0,0,8.82948,0,0,0,0,0,0,0,0,13.3499,0,0,0,0,0,26.4465,0,0,0,0,0,0,14.3224,5.59429,0,0,0,47.9268,47.9268,22.2735,0,0,0,0,33.9407,18.4033,0,0,4.77845,0,0,0,0,0,0,0,0,0,0,0,0,0,0,0,0,0,0,0,0,0,0,0,0,0,0,0,0,0,0,0,0,0,10.3991,0,3.86728,0,0,0,0,0,0,19.5227,54.3006,17.1361,114227,883393,74.3517
"1273_W3",58.5384,0,0,0,9.03439,15.485,0,0,3.87504,86.7621,97.0496,85.7365,2.7431,0,1.93662,34.8679,31.3432,0,0,0,0,72.7625,65.9825,0,0,75.9432,7.59994,0,106.106,0,1.05463,3.90821,0,0,0,0,0,0,0,0,0,0,0,5.1263,0.842319,4.4246,0,52.1992,0,127.73,0,0,16.3845,0.740112,0,0,0,0,2.6499,0,46.8924,72.2425,0,29.7393,40.4719,0,0,0,0,0,0,0,0,0,0,4.39752,100.359,6.36935,43.8577,0,0,0,0,0,0,0,0,0,0,0,0.838403,0,6.37784,0,0,0,0,44.6795,50.0529,0,109.498,10.1573,0,0,0.533621,0,52.003,2.38945,0,0,21.0448,75.2352,13.3765,82.5688,0.646991,0,0,0,0,0,75.9366,35.2468,27.9144,0,0,0,0,1.05463,2.82575,12.5816,0,0,0,0,0,0,0,0,0,15.522,0,0,0,0,0,63.6,0,0,0,127.167,0,0,0,0,0,0,0,0,0,0,0,0,0,0,0,0,0,0,0,0,0,0,0,0,0,0,0,0,0,0,0,22.3498,126.145,41.3122,27.4735,0,0,0,0,0,0,0,0,0,0,0,0,0,6.14643,0,0,0,15.4794,0,0,0,0,11.4716,0,21.3617,3.50729,0,0,0,127.167,127.167,65.9825,0,0,0,3.25261,100.925,47.1596,0,0,4.39752,0,0,0,0,0,0,0,0,0,0,0,0,0,0,0,0,0,0,0,0,0,0,0,0,0,0,0,0,0,0,0,0,5.54129,5.23148,0,0,0,0,0,0,0,0,22.3419,130.036,36.5626,167865,826555,156.3
"1273_W9",190.633,0,0,0,111.003,206.772,0,0,113.778,128.702,146.767,201.161,118.752,0,33.7913,215.525,167.395,0,13.8742,0,118.868,218.595,208.036,116.209,75.0176,181.958,10.199,0,198.26,0,3.84121,26.5491,0,0,10.2692,5.20399,25.1243,12.0175,0,23.31,33.5157,2.41857,12.0175,99.501,48.1257,25.0878,0,100.829,51.9257,72.7439,0,51.834,135.608,0.822767,31.9614,0,1.06116,3.2677,16.6246,0,123.645,192.134,0.731431,81.4441,224.503,0,0,2.13376,0.5198,0,1.4509,0,1.3094,1.27594,0,109.88,220.201,112.794,131.621,0,0,0,0,0,0,0,56.5959,2.14234,0,0,1.06303,0,60.9632,10.2457,45.5885,3.43349,0,182.885,188.866,95.4884,243.405,127.773,0,22.7209,4.23177,0.679709,197.677,55.3156,0,1.5749,73.3949,200.37,99.5043,203.389,1.91557,104.126,0,16.4357,0,91.2365,191.824,81.4747,207.908,0,40.0679,24.3668,10.0506,3.36011,115.258,108.399,1.54556,25.8361,5.06133,1.45567,0,20.2295,0,0,0,131.992,0,0,0,0,63.3274,164.501,0,106.173,0,209.348,0,0,0,0,0,0,0,0,0,0,0,0,0,0,0,0,0,0,0,0,0,0,0,0,0,0,0,0,0,0,0,143.495,107.808,164.978,18.4189,0,0,107.573,3.58296,0,1.45023,54.8121,60.4358,1.99624,59.865,1.17289,69.2978,3.12861,95.7918,0,0,34.7568,125.106,0,0,0,60.4077,78.6884,0,193.437,23.6043,0,37.1202,0,209.348,209.348,208.036,0,0,0,39.3523,235.271,215.328,8.05977,43.1628,109.88,0,0,0,0,0,0,0,0,0,0,0,0,0,0,0,0,0,0,0,0,0,0,0,0,0,0,0,0,0,0,0,0,60.4129,110.507,13.0331,148.879,1.89621,4.06034,0,0,74.6901,0,136.757,213.375,126.49,343465,635669,241.797
"1274_W3",87.9541,0,0,0,0,0,0,0,0,21.0845,40.3454,68.0083,0,0,0,11.8535,13.7654,0,0,0,0,126.224,121.834,0,0,38.9173,8.86844,0,115.897,0,0,0,0,0,0,0,0,0,0,0,0,0,0,0,0,0,0,6.49223,0,20.0756,0,0,6.66591,0,0,0,0,0,4.28335,0,75.3449,103.657,0,96.9085,14.0773,0,0,0,0,0,0,0,0,0,0,10.1639,132.351,4.85749,26.5722,0,0,0,0,0,0,0,0,0,0,0,0,0,0,0,0,0,0,113.856,117.031,0,128.471,0,0,0,0,0,24.6926,0,0,3.73563,0,72.7818,0,129.189,0,0,0,0,0,0,70.6668,3.2889,9.05899,0,0,0,0,0,0,5.93652,0,0,0,0,0,0,0,0,0,6.64219,0,0,0,0,0,84.0269,0,0,0,151.437,0,0,0,0,0,0,0,0,0,0,0,0,0,0,0,0,0,0,0,0,0,0,0,0,0,0,0,0,0,0,0,6.80484,15.8953,18.7843,0,0,0,0,0,0,0,0,0,0,0,0,0,0,0,0,0,0,0,0,0,0,0,0,0,9.44114,0,0,0,0,151.437,151.437,121.834,0,0,0,0,82.8973,106.582,0,0,10.1639,0,0,0,0,0,0,0,0,0,0,0,0,0,0,0,0,0,0,0,0,0,0,0,0,0,0,0,0,0,0,0,0,0,7.93994,0,0,5.43872,0,0,0,0,0,12.6817,145.006,20.649,128781,865339,177.303
"1274_W9",385.375,0,0,0,171.13,310.263,0,0,227.911,249.913,265.234,359.281,226.189,0,60.3286,388.697,224.105,0,21.7353,0,205.94,338.043,440.346,112.452,94.3166,355.29,0,0,425.562,0,0,57.6154,3.62207,0,12.9346,6.25749,30.8271,6.33443,0,38.0081,50.6039,1.75414,6.33443,50.7885,0,62.337,0,200.612,117.764,76.4293,0,40.3676,270.13,0,4.73061,0,0,0,20.0917,0,268.405,349.264,0,268.625,396.604,0,0,4.3996,0,0,0,0,11.9599,0,0,265.73,420.845,234.286,100.594,0,0,0,0,0,0,0,0,12.3594,0,0,0,0,58.8962,0,0,0,0,360.778,382.694,184.581,491.076,41.4249,0,84.6948,0,0,209.126,175.385,0,0,106.749,387.192,187.261,424.162,0,190.783,0,1.56579,0,262.716,367.366,65.5494,372.898,0,136.109,49.5911,29.2181,0,241.819,202.943,12.3968,0,0,0,0,59.5101,0,0,0,270.189,0,0,0,0,137.889,286.302,0,49.2859,0,436.633,0,0,0,0,0,0,0,0,0,0,0,0,0,0,0,0,0,0,0,0,0,0,0,0,0,0,0,0,0,0,0,424.249,220.101,298.825,45.7163,0,0,211.356,0,0,0,41.5687,62.6263,0,60.7057,0,231.183,9.88166,242.076,0,0,119.804,217.661,0,0,0,34.662,264.038,0,309.989,51.6202,0,0,0,436.633,436.633,315.856,0,0,0,65.8572,482.389,393.387,25.0083,32.0107,265.73,0,0,0,0,0,0,0,0,0,0,0,0,0,0,0,0,0,0,0,0,0,0,0,0,0,0,0,0,0,0,0,0,116.777,164.138,36.0043,206.883,0,0,0,0,169.452,0,286.109,388.338,73.8652,544585,418625,435.582
"1275_W3",145.809,0,0,0,10.9501,18.1706,0,0,8.04104,35.523,40.3483,114.203,0,0,0,39.1911,21.4223,0,0,0,0,175.867,174.677,0,0,64.0708,19.6906,0,166.217,0,0,0,0,0,0,0,0,0,0,0,0,0,0,0,0,0,0,22.3977,0,12.2876,0,0,27.2623,0,0,0,0,0,7.71535,0,68.8634,145.812,0,76.2193,45.757,0,0,0,0,0,0,0,0,0,0,0,194.326,10.9111,43.0421,0,0,0,0,0,0,0,0,0,0,0,0,0,0,0,0,0,0,159.995,162.748,0,177.807,0,0,0,0,0,22.1719,0,0,0,0,101.687,0,169.276,0,0,0,0,0,0,95.9339,3.26275,31.0645,0,0,0,0,0,0,19.5192,0,0,0,0,0,0,0,0,0,26.8107,0,0,0,0,0,92.7722,0,0,0,190.937,0,0,0,0,0,0,0,0,0,0,0,0,0,0,0,0,0,0,0,0,0,0,0,0,0,0,0,0,0,0,0,0,18.6387,36.7371,0,0,0,0,0,0,0,0,0,0,0,0,0,0,0,0,0,0,0,0,0,0,0,0,0,0,0,0,0,0,190.937,190.937,170.808,0,0,0,0,132.249,142.329,0,0,0,0,0,0,0,0,0,0,0,0,0,0,0,0,0,0,0,0,0,0,0,0,0,0,0,0,0,0,0,0,0,0,0,0,0,0,0,0,0,0,0,0,0,9.76244,163.235,32.9218,151700,840425,214.588
"1275_W9",203.795,0,0,0,145.065,177.275,0,0,175.863,68.6004,55.202,216.996,144.639,0,63.1639,188.999,71.8128,0,1.04602,0,42.8941,213.098,218.177,103.928,56.2902,196.521,21.1994,0,308.893,0,0,64.0518,5.12577,0,3.52787,1.59406,9.41594,2.36669,0,10.1025,27.8103,0.908662,2.36669,37.6536,0,10.6557,0,59.4378,76.5349,48.8718,0,26.8404,144.547,0,2.8612,0,0,7.45669,8.95807,0,210.153,229.735,0.947252,67.3494,200.787,0,0,0,0,0,1.74095,0,1.07979,1.64924,0,143.558,240.624,33.4821,38.6887,0,0,0,0,0,0,0,1.67256,0,14.7955,0.763673,0.442716,0,40.2132,14.7485,5.98119,3.16573,0,186.521,204.061,51.2078,234.739,19.2156,0,21.3504,0,0,133.12,92.403,0,0,83.9917,178.89,115.952,227.222,1.69943,39.5968,0,0,0,143.954,184.878,40.2132,175.512,0,32.1248,23.7792,0.64899,0,96.2568,21.0366,0,0,0,1.8825,0,33.1018,0,0,0,143.672,0,0,0,0,92.2161,187.528,0,2.89242,0,236.033,0,0,0,0,0,0,0,0,0,0,0,0,0,0,0,0,0,0,0,0,0,0,0,0,0,0,0,0,0,0,0,163.943,169.766,141.539,7.2623,0.896948,0,117.808,0,0,11.7043,56.7514,18.4226,0,41.4317,23.3304,92.0425,16.6032,19.2003,0,0,25.3914,66.5846,0,0,0,46.4306,123.492,0,214.573,57.9527,29.0726,0,0,236.033,236.033,215.554,0,0,0,15.0751,234.525,209.192,38.3886,21.6571,143.558,0,0,0,0,0,0,0,0,0,0,0,0,0,0,0,0,0,0,0,0,0,0,0,0,0,0,0,0,0,0,0,0,150.3,87.4248,0,138.291,0,0,0,1.59309,74.3525,0,132.819,217.731,24.8709,401122,579028,253.332
"1276_W3",75.8318,0,0,0,7.99857,15.5936,0,0,1.93681,27.1308,40.538,58.4367,0,0,0,35.3216,26.5269,0,0,0,0,99.2689,98.0541,0,0,45.7994,10.0814,0,94.4261,0,0,0,0,0,0,0,0,0,0,0,0,0,0,0,0,4.68772,0,10.032,0,30.9598,0,0,12.2485,0,0,0,0,0,3.0846,0,61.0394,98.6762,0,77.7333,40.7313,0,0,0,0,0,0,0,0,0,0,7.74779,101.524,8.2311,28.0724,0,0,0,0,0,0,0,0,0,1.95999,0,0,0,0,0,0,0,0,86.689,90.8304,0,92.0321,2.39508,0,0,0,0,47.0148,0,0,0,6.88461,61.3151,7.12931,98.3414,0,0,0,0,0,0,63.4397,7.9796,28.673,0,0,0,0,0,2.32794,12.3129,0,0,0,0,0,0,0,0,0,12.1534,0,0,0,0,0,72.5261,0,0,0,108.547,0,0,0,0,0,0,0,0,0,0,0,0,0,0,0,0,0,0,0,0,0,0,0,0,0,0,0,0,0,0,0,4.75236,19.6471,24.2755,7.43323,0,0,0,0,0,0,0,0,0,0,0,0,0,3.41712,0,0,0,0,0,0,0,0,14.4613,0,10.3664,0,0,0,0,108.547,108.547,96.4369,0,0,0,1.92878,52.0904,91.5201,0,0,7.74779,0,0,0,0,0,0,0,0,0,0,0,0,0,0,0,0,0,0,0,0,0,0,0,0,0,0,0,0,0,0,0,0,2.57819,3.67319,0,0,0,0,0,0,0,0,9.79089,114.534,21.5051,119803,875104,133.438
"1276_W9",65.414,0,0,0,26.4971,45.2685,0,0,19.5849,63.5925,103.192,77.347,25.9715,0,14.6981,94.4609,51.6071,0,0,0,31.8405,83.1238,98.1553,9.34046,19.9951,73.0962,0,0,92.8352,0,0,14.5866,0,0,0,0,0,0,0,0,1.68338,0,0,10.2231,0,3.03047,0,24.8897,14.2923,32.5498,0,6.65463,28.3838,0,0,0,0,1.81175,1.85024,0,25.6063,67.4139,0,51.8383,99.3822,0,0,0,0,0,0,0,0,0,0,25.1883,79.9303,33.8283,36.4121,0,0,0,0,0,0,0,0,0,0,0,0,0,21.3836,0,0,0,0,70.7755,75.4121,21.5937,103.816,0,0,6.53245,0,0,42.07,14.4142,0,0,9.41424,80.5434,47.5653,85.084,0,29.1512,0,0,0,21.7762,69.1756,29.5038,93.7811,0,12.4254,4.33516,0,0,30.3835,59.9732,0,0,0,0,0,5.04102,0,0,0,28.1935,0,0,0,0,14.184,29.5712,0,0,0,104.719,0,0,0,0,0,0,0,0,0,0,0,0,0,0,0,0,0,0,0,0,0,0,0,0,0,0,0,0,0,0,0,18.321,52.8024,58.4231,2.09388,0,0,26.486,0,0,0,13.1359,12.5951,0,9.39503,0,25.5233,0,48.1655,0,0,10.6373,50.2403,0,0,0,11.2986,23.1033,0,27.4439,13.6498,0,0,0,104.719,104.719,76.6889,0,0,0,8.01936,104.259,56.6294,0,5.41802,25.1883,0,0,0,0,0,0,0,0,0,0,0,0,0,0,0,0,0,0,0,0,0,0,0,0,0,0,0,0,0,0,0,0,9.61092,22.4079,0,23.6675,0,0,0,0,14.615,0,40.5732,96.3101,39.2129,137421,856234,105.531
"1277_W3",74.9294,0,0,0,8.06872,12.7541,0,0,2.53039,24.8137,34.7049,45.1982,0,0,0,12.6772,21.918,0,0,0,0,85.9661,84.9029,0,0,43.4222,13.07,0,78.76,0,0,2.69218,0,0,0,0,0,0,0,0,0,0,0,8.16895,0,0,0,10.285,0,18.5823,0,0,26.5948,0,0,0,0,0,6.97272,0,36.5197,79.3521,0,50.5277,14.8938,0,0,0,0,0,0,0,0,0,0,14.3855,85.1592,11.2682,28.178,0,0,0,0,0,0,0,0,0,0,0,0,0,0,0,0,0,0,83.1251,82.2298,0,89.8377,0,0,0,0,0,26.0662,0,0,0,6.93544,57.0901,0,86.4796,0,0,0,0,6.99948,0,57.0521,0,9.8335,0,0,0,0,0,4.53123,9.82134,0,0,0,0,0,0,0,0,0,26.2466,0,0,0,0,0,57.4842,0,0,0,88.5417,0,0,0,0,0,0,0,0,0,0,0,0,0,0,0,0,0,0,0,0,0,0,0,0,0,0,0,0,0,0,0,0,12.3622,19.3667,0,0,0,0,0,0,0,0,0,0,0,0,3.39966,0,0,0,0,0,18.1677,0,0,0,0,12.6326,0,3.73139,2.59,0,0,0,88.5417,88.5417,82.8209,0,0,0,0,47.8862,71.9882,0,0,14.3855,0,0,0,0,0,0,0,0,0,0,0,0,0,0,0,0,0,0,0,0,0,0,0,0,0,0,0,0,0,0,0,0,0,0,0,0,0,0,0,0,0,0,9.77685,97.7031,22.0548,98971.2,896761,100.907
"1277_W9",339.186,0,0,0,159.388,309.922,0,0,220.491,192.234,232.05,339.906,251.763,0,120.32,324.182,217.051,0,0,0,210.571,318.874,343.815,105.936,96.0065,323.96,0,0,416.419,0,0,122.545,2.99672,0,32.0072,17.4505,2.66878,18.5683,0,31.212,83.8889,12.2031,18.5683,82.2444,0,15.8382,0,118.064,88.9508,123.249,0,61.2196,230.235,0,13.4403,0,0,10.1108,22.4644,0,230.842,339.186,0,197.374,335.978,0,0,0,0,0,0,0,4.45387,0,0,207.194,373.307,156.741,135.308,0,0,0,0,0,0,0,45.5835,0,0,0,0,0,73.4209,2.0329,62.6705,0,0,318.649,323.6,169.976,408.112,84.8239,0,90.5075,0,0,248.994,116.479,0,0,81.297,337.667,155.042,359.327,1.25405,193.766,0,53.5318,0,210.012,315.615,73.4209,304.648,0,142.993,39.0937,0,0,158.335,133.532,0,0,0,0,0,58.5496,0,0,0,228.935,0,0,0,0,146.798,277.554,0,45.8659,0,405.425,0,0,0,0,0,0,0,0,0,0,0,0,0,0,0,0,0,0,0,0,0,0,0,0,0,0,0,0,0,0,0,274.438,243.052,275.138,10.8086,0,0,162.053,1.07568,0,37.1622,45.7828,62.3965,0,85.4051,0,169.955,0,182.797,0,0,128.314,189.553,0,0,0,37.3812,215.983,0,334.059,112.445,59.8644,22.7566,0,405.425,405.425,300.851,0,0,0,45.2258,412.069,336.893,0,50.3281,207.194,0,0,0,0,0,0,0,0,0,0,0,0,0,0,0,0,0,0,0,0,0,0,0,0,0,0,0,0,0,0,0,0,119.781,208.203,0,214.835,0,0,0,0,117.859,0,258.781,361.374,106.558,527370,437861,393.222
"1278_W3",76.6374,0,0,0,8.38725,12.352,0,0,3.72748,53.4976,59.2751,83.2791,0,0,0,12.8457,37.1541,0.857583,0,0,0,108.657,105.779,0,0,53.5521,24.2996,0,98.0175,0,0.790963,2.63101,0,0,0,0,0,0,0,0,0,0,0,0,1.59408,6.39823,0,30.3484,0,19.0765,0,0,35.6908,1.15842,0,0,0,0,11.2869,0,73.9785,103.341,0,83.8586,15.2424,0,0,0,1.16003,0,0,0,0,0,0,18.4878,122.384,18.3766,30.7108,0,0,0,0,0,0,0,0,0,4.79147,0,1.7592,0,5.45286,0,0,0,0,101.352,102.927,0,106.534,7.50642,0,1.97932,1.82812,0,44.5803,0,0,0,10.1218,68.8661,8.40192,111.571,0,0,0,0,3.31812,0,69.8794,5.45286,9.86709,0,3.82301,0,0.855281,0.687554,1.87341,18.2693,0,0,0,0,0,0,0,0.900282,0.900282,34.8634,0,0,0,0,0,72.7595,0,0,0,127.711,0,0,0,0,0,0,0,0,0,0,0,0,0,0,0,0,0,0,0,0,0,0,0,0,0,0,0,0,0,0,0,9.02717,16.8243,28.3316,19.103,0,0,0,0,0,0,0,0,0,0,0,0,0,3.30727,0,0,3.25508,13.3506,0,0,0,0,15.8167,0,22.4024,2.33681,0,0,0,127.711,127.711,105.201,0,0,0,0,74.6017,98.8701,0,0,18.4878,0,0,0,0,0,0,0,0,0,0,0,0,0,0,0,0,0,0,0,0,0,0,0,0,0,0,0,0,0,0,0,0,7.32082,5.5188,0,1.72767,1.88563,0,0,0,0,0,15.4201,135.945,24.4294,129546,864292,163.065
"1278_W9",3.69748,0,0,0,0,0,0,0,1.35045,83.4001,94.3853,57.8536,0,0,0,66.963,3.89398,0.810311,0,0,2.01534,47.1336,40.986,0,0,48.9988,1.77231,0,83.1015,0,1.2844,1.53428,0,0,0,0,0,0,0,0,0,0,0,0,0,0,0,40.7109,0,120.573,0,0,0,0.6993,0,0,0.680428,0.680428,0.842156,0,34.4692,53.4666,0,1.34627,75.6237,0,0,0,0,0,0,0,0,0,0.867072,0.899738,61.4493,0.831741,38.442,0,0,0,0,0,0,0,0,0,0,0,1.11572,0,5.31792,0,0,6.02557,0,2.24368,3.76653,0,75.0759,3.82523,0,1.435,1.06347,0.615661,53.8831,1.43679,0,0,8.26671,47.5643,4.76887,52.0278,0,0,0,0,1.95041,0,56.5421,22.5789,56.6341,0,3.64344,0,1.33279,1.28064,0,7.99863,0,0,0,0,0,0,0,0.904301,0.904301,0,0,1.2848,0,0,0,37.2398,3.24215,0,0,98.2876,0,0,0,0,0,0,0,0,0,0,0,0,0,0,0,0,0,0,0,0,0,0,0,0,0,0,0,0,0,0,0,34.1317,158.441,45.1929,0,0,0,2.47728,0,1.25968,0,0,0,0,0,0,3.4757,0,0,0,0,0,0,0,0,0,0,0,0,2.46674,1.46147,0,1.76488,0,98.2876,98.2876,40.986,0,0,0,0,85.3033,1.63504,0,0,0.899738,0,0,0,0,0,0,0,0,0,0,0,0,0,0,0,0,0,0,0,0,0,0,0,0,0,0,0,0,0,0,0,0,4.46979,0,0,2.69577,0,0,0,0,0,0,6.38909,132.947,33.9108,179192,816973,164.062
"1279_W3",90.6973,0,0,0,15.2655,23.2539,0,0,9.59085,23.7942,29.9825,67.8849,2.25886,0,0,36.7281,15.5912,0,0,0,0,119.065,115.593,0,2.87755,39.9567,9.95706,0,113.472,0,0,0,0,0,0,0,0,0,0,0,1.00034,0,0,0,0,0,0,11.0904,2.38944,18.5169,0,0,20.272,0,0,0,0,0,4.0629,0,61.1858,107.67,0,80.1712,42.283,0,0,0,0,0,0,0,0,0,0,15.7172,122.394,6.15507,27.9657,0,0,0,0,0,0,0,0,0,0,0,0.749274,0,0,0,0,0,0,110.619,110.891,1.23443,107.041,0,0,1.54184,0,0,21.0588,2.70083,0,0,0,72.6413,11.0693,109.851,0.827249,0,0,0,0,0,75.5012,5.75984,29.6838,0,2.95317,0,0,0,5.86227,6.87491,0,0,0,0,0,0,0,0,0,19.9618,0,0,0,0,2.23969,79.7822,0,0,0,123.698,0,0,0,0,0,0,0,0,0,0,0,0,0,0,0,0,0,0,0,0,0,0,0,0,0,0,0,0,0,0,0,0,17.6573,27.0416,0,0,0,1.85003,0,0,0,0,0,0,0,0,2.44346,0,6.22069,0,0,2.49617,10.7932,0,0,0,0,14.9193,0,11.7463,0,0,1.40308,0,123.698,123.698,115.593,0,0,0,2.36396,63.6942,100.331,0,0,15.7172,0,0,0,0,0,0,0,0,0,0,0,0,0,0,0,0,0,0,0,0,0,0,0,0,0,0,0,0,0,0,0,0,2.63946,3.36805,0,1.13593,0,0,0,0,0,0,9.46878,130.327,21.2159,124534,869822,142.106
"1279_W9",272.514,0,0,0,133.297,185.404,0,0,173.738,190.406,206.301,264.024,139.497,0,52.6454,293.86,133.003,0,0,0,100.713,214.658,276.533,70.5577,44.405,249.228,0,0,393.641,0,0,51.0207,7.58019,0,15.4493,7.71365,0,8.18408,0,9.52759,128.063,5.11403,8.18408,48.6751,0,16.5244,0,126.776,77.8943,183.055,0,30.5062,151.705,0,5.10119,0,0,2.74458,8.27811,0,184.134,211.471,0,136.521,303.551,0,0,0,0,0,0,0,0,0,0,119.368,314.766,108.618,38.4679,0,0,0,0,0,0,0,4.56233,0,0,0,0,0,41.8189,0,15.0284,6.99063,0,268.614,269.77,104.327,350.96,22.1669,0,31.9691,0,0,133.97,80.88,0,0,64.6104,276.389,93.3991,324.602,0,88.5452,0,4.14804,0,174.018,244.039,41.8189,289.128,0,55.3122,24.2456,0,0,159.455,62.2365,0,0,0,0,0,32.9317,0,0,0,150.503,0,0,0,0,92.9138,233.4,0,18.765,0,344.627,0,0,0,0,0,0,0,0,0,0,0,0,0,0,0,0,0,0,0,0,0,0,0,0,0,0,0,0,0,0,0,138.717,279.755,214.632,11.3303,0,0,120.322,0,0,0,42.3663,20.9913,0,49.8937,0,99.6626,1.84304,151.95,0,0,47.3395,183.833,0,0,0,34.5289,136.94,0,205.287,46.2236,0,11.8159,0,344.627,344.627,195.93,0,0,0,16.9983,359.905,260.542,4.84504,24.6672,119.368,0,0,0,0,0,0,0,0,0,0,0,0,0,0,0,0,0,0,0,0,0,0,0,0,0,0,0,0,0,0,0,0,93.1499,106.329,0,155.198,0,0,0,0,77.3029,0,198.277,300.735,20.996,425900,549624,325.871
"1280_W3",110.033,0,0,0,12.4291,19.9959,0,0,6.05901,54.9033,55.7476,96.3108,2.52183,0,2.89309,14.1858,40.8281,0.74917,0,0,0,152.531,152.625,0,0,63.8337,19.7157,0,164.954,0,0,3.35859,0,0,0,0,0,0,0,0,0,0,0,4.31278,0,8.23688,0,33.3941,0,31.9521,0,0,25.5463,0,0,0,2.31971,2.31971,7.66933,0,124.032,150.545,0,136.748,16.8228,0,0,0,0,0,0,0,0,0,0,17.6602,172.044,13.2536,34.9024,0,0,0,0,0,0,0,0,0,1.62664,0,0.855979,0,1.98528,0,0,0,0,147.626,149.178,3.12495,139.719,3.11289,0,0.931433,1.23116,0,55.3897,2.45226,0,0,5.34295,89.7516,9.78272,161.892,0.943482,0,0,0,0,0,94.5068,11.9935,10.8283,0,1.74638,0,1.03756,0,4.65182,15.8696,0,0,0,0,0,0,0,0,0,25.1859,0,0,0,0,0,103.815,0,0,0,192.789,0,0,0,0,0,0,0,0,0,0,0,0,0,0,0,0,0,0,0,0,0,0,0,0,0,0,0,0,0,0,0,12.6086,23.0516,31.7761,10.7615,0,0,0,0,0,0,0,0,0,0,0,0,0,4.11325,0,0,1.45121,13.6674,0,0,0,0,18.2701,0,26.0784,2.98768,0,0,0,192.789,192.789,148.582,0,0,0,3.5471,95.5246,144.046,0,0,17.6602,0,0,0,0,0,0,0,0,0,0,0,0,0,0,0,0,0,0,0,0,0,0,0,0,0,0,0,0,0,0,0,0,7.34806,0,0,0,1.29769,0,0,0,0,0,15.3463,193.235,26.9687,157470,834288,211.974
"1280_W9",332.101,0,0,0,156.137,287.921,0,0,250.296,131.127,118.505,356.81,208.905,0,92.6819,315.531,146.868,1.05407,1.70202,0,118.541,334.584,344.177,129.863,80.6777,344.172,46.5498,0,432.505,0,0.885237,95.1367,0,0,2.75834,1.23848,1.57853,15.4867,0,44.8287,55.6595,10.0336,15.4867,82.7662,0,25.1023,0,115.459,87.7542,47.9335,0,61.014,206.521,0,14.8268,0,0.804202,9.69664,10.1444,0,352.985,334.584,1.06986,182.164,327.663,0,0,1.13623,0.668066,0,1.89701,0,0,1.86617,0,219.075,397.904,78.9289,88.1956,0,0,0,0,0,0,0,23.3679,0,0,0,0.479793,0,73.5369,31.8017,42.9461,37.8124,0,303.052,322.579,110.93,391.383,79.2685,0,36.5847,1.87622,0.815362,219.094,120.743,0,1.03602,43.7523,280.954,223.308,348.124,18.808,108.346,0,6.64008,0,264.363,297.721,73.5369,298.901,0,59.2003,65.5075,1.15456,1.204,170.592,52.3522,0,0,4.61794,2.13086,0,34.8126,0,0.701358,0.701358,204.958,0,0,0,0,108.777,289.016,0,56.843,0,388.236,0,0,0,0,0,0,0,0,0,0,0,0,0,0,0,0,0,0,0,0,0,0,0,0,0,0,0,0,0,0,0,225.946,230.722,244.395,17.4057,0,0,157.852,0,0,8.77979,98.8739,42.7276,0.703722,74.174,1.89551,132.985,59.3774,27.0438,0,0,48.557,130.03,0,0,0,79.1909,169.2,0,338.159,85.9702,42.4471,0,0,388.236,388.236,336.748,0,0,0,35.8943,388.321,359.979,120.281,50.8512,219.075,0,0,0,0,0,0,0,0,0,0,0,0,0,0,0,0,0,0,0,0,0,0,0,0,0,0,0,0,0,0,0,0,202.322,173.046,0,201.363,1.70214,3.7717,0,0,121.68,0,228.562,352.194,61.1297,516667,451533,368.568
"1281_W3",102.843,0,0,0,5.89588,17.7172,0,0,2.79965,36.1679,39.0695,87.0643,0,0,2.81799,2.24349,22.7702,0,0,0,0,124.691,123.123,0,0,48.0175,21.7083,0,108.143,0,2.17923,4.40399,0,0,0,0,0,0,0,0,0,0,0,0,0,3.46498,0,22.7336,0,9.79615,0,0,32.3068,1.16275,0,0,1.01419,1.01419,8.64968,0,52.8985,109.48,0,70.2588,2.68811,0,0,0,0,0,0,0,0,0,0,19.2926,144.889,12.5239,27.9821,0,0,0,0,0,0,0,0,0,0,0,0,0,0,0,0,0,0,118.282,115.09,0,122.348,3.74489,0,1.33747,1.27772,0,22.5303,1.7034,0,1.35117,0,78.162,4.08137,123.928,0,0,0,0,2.65393,0,71.8508,2.05882,1.6908,0,2.59889,0,1.2776,2.83004,0,12.7831,0,0,0,0,0,0,0,0,0,31.4935,0,0,0,0,0,63.4452,0,0,0,139.986,0,0,0,0,0,0,0,0,0,0,0,0,0,0,0,0,0,0,0,0,0,0,0,0,0,0,0,0,0,0,0,1.26421,6.36333,22.5202,2.9912,0,0,0,0,0,0,0,0,0,0,0,0,0,0,0,0,2.20862,0,0,0,0,0,11.2082,0,16.9199,3.98262,0,0,0,139.986,139.986,123.123,0,0,0,0,95.1124,97.2231,0,0,19.2926,0,0,0,0,0,0,0,0,0,0,0,0,0,0,0,0,0,0,0,0,0,0,0,0,0,0,0,0,0,0,0,0,3.74824,3.04299,0,2.70818,1.43201,0,0,0,0,0,7.70782,137.135,20.9425,116223,877813,155.92
"1281_W9",0,0,0,0,0,0,0,0,0,91.7496,97.9732,50.9255,0,0,0,37.9945,0,0,0,0,0,47.0317,42.8678,0,0,22.5913,0,0,51.0646,0,0,1.50084,0,0,0,0,0,0,0,0,0,0,0,0,0,0,0,51.5161,0,107.986,0,0,0,0.591443,0,0,0,0,0,0,31.5648,44.3551,0,0,43.91,0,0,0,0,0,0,0,0,0,0,0,56.1054,0,35.0431,0,0,0,0,0,0,0,0,0,0,0,1.25619,0,7.85895,0,0,0,0,11.9175,16.5026,0,64.52,4.796,0,0,0,0,77.51,0.487518,0,0.903954,8.81576,39.1014,0,50.3838,0,0,0,0,0,0,41.262,56.3743,30.8426,0,3.49186,0,0,0,1.0574,18.9159,0,0,0,0,0,0,0,0,0,0,0,0,0,0,0,38.2129,0,0,0,92.9323,0,0,0,0,0,0,0,0,0,0,0,0,0,0,0,0,0,0,0,0,0,0,0,0,0,0,0,0,0,0,0,44.0655,116.581,34.882,0,0,0,0,0,0,0,0,0,0,0,0,0,0,0,0,0,0,8.70964,0,0,0,0,0,0,1.63654,1.49064,0,0,0,92.9323,92.9323,42.8678,0,0,0,0,65.2005,0,0,0,0,0,0,0,0,0,0,0,0,0,0,0,0,0,0,0,0,0,0,0,0,0,0,0,0,0,0,0,0,0,0,0,0,2.7243,0,0,1.0327,0,0,0,0,0,0,6.84352,102.662,32.7325,185332,811392,140.593
"1282_W3",89.1791,0,0,0,14.9163,26.2431,0,0,4.08159,86.1722,88.8052,103.392,1.01695,0,3.58354,29.8297,18.4027,0,0,0,0,116.104,108.091,0,2.14654,76.8715,15.8711,0,145.017,0,1.7791,4.11008,0,0,0,0,0,0,0,0,1.40148,0,0,7.24995,1.21226,6.14106,0,53.6286,1.69728,131.829,0,0,24.7137,0,0,0,2.53497,2.53497,3.61595,0,13.144,105.398,0,24.917,35.6066,0,0,0,0,0,0,0,0,0,0,15.476,162.053,5.75773,42.8391,0,0,0,0,0,0,0,0,0,3.17227,0,1.25648,0,6.0838,0,0,0,0,78.3426,87.9008,3.19393,162.528,6.82838,0,2.28067,1.72467,0,67.4195,2.74009,0,2.05831,22.4871,95.9316,9.40774,124.386,0,0,0,0,1.55453,0,76.4376,22.7241,23.9007,0,4.34585,0,0.838203,2.18337,6.65448,8.07863,0,0,0,0,0,0,0,0,0,21.7304,0,0,0,0,1.42918,82.318,0,0,0,165.968,0,0,0,0,0,0,0,0,0,0,0,0,0,0,0,0,0,0,0,0,0,0,0,0,0,0,0,0,0,0,0,21.4434,101.158,42.8068,20.2935,0,0,0,0,0,0,0,0,0,0,0,2.52123,0,3.82929,0,0,3.66913,37.8022,0,0,0,0,22.771,0,27.1034,3.66916,0,2.17453,0,165.968,165.968,108.091,0,0,0,3.70703,151.148,66.3699,0,0,15.476,0,0,0,0,0,0,0,0,0,0,0,0,0,0,0,0,0,0,0,0,0,0,0,0,0,0,0,0,0,0,0,0,2.04377,12.8275,0,1.24307,2.71851,0,0,0,1.34226,0,22.3013,115.655,33.8661,179538,813659,191.225
"1282_W9",562.551,0,0,0,67.1006,410.047,2.1003,0,342.489,229.618,339.17,457.983,326.082,0,108.99,502.649,350.729,0,9.24966,0,266.689,451.471,607.341,64.8278,113.628,468.21,2.00855,0,558.24,0,1.34036,104.412,1.68822,0,119.019,100.289,0,13.3499,1.39094,1.06736,4.90692,1.4288,13.3499,18.0507,86.4274,1.2933,0,104.239,72.64,137.053,0,0,302.795,0.810926,4.57793,0.518136,2.40906,11.5951,33.2973,2.9133,329.672,448.919,2.01184,368.129,513.286,0,0.814999,0,0,0,4.00443,0,0,3.509,1.683,198.645,532.474,300.475,106.346,0,0,0,0,0,0,0,3.84946,0,0,0,0,1.55241,17.6454,0,8.24679,4.4544,0,570.591,564.983,263.295,629.894,60.8898,1.05564,166.515,0,0,396.286,220.637,2.19657,0,185.724,525.699,151.78,596.08,0.600066,249.863,0,2.32908,0,350.776,468.317,22.1899,473.981,0,267.813,32.5366,7.71018,1.0085,155.669,286.361,2.64496,0,2.61886,4.006,0.944091,109.517,0,0,0,302.904,11.1434,0,0,0,197.048,324.382,0,25.7785,0,623.201,0,0,0,0,0,0,0,0,0,0,0,0,0,0,0,0,0,0,0,0,0,0,0,0,0,0,0,0,0,0,0,394.945,124.938,372.171,0.863679,0,0,227.238,0,1.07287,0,26.4242,72.8435,0,23.7713,0,317.082,0,396.613,0,0,232.267,190.998,0,0,0,21.1678,339.18,0,342.632,94.9893,0,0,0,623.201,623.201,422.056,0,0,0,75.8039,620.193,526.364,0,0,198.645,0,0,0,0,0,0,0,0,0,0,0,0,0,0,0,0,0,0,0,0,0,0,0,0,0,0,0,0,0,0,0,0,153.046,315.287,8.61147,241.916,0.956204,2.12361,0,0,188.199,0,358.449,535.865,67.9699,649598,303143,589.636
"1283_W3",102.846,0,0,0,14.4278,21.5277,0,0,7.45568,51.7876,56.2303,102.16,2.25011,0,3.94264,17.1809,33.1805,0,0,0,0,131.539,128.209,0.970213,3.36798,69.85,18.2951,0,140.348,0,0.796649,4.46485,0,0,0,0,0,0,0,0,2.17542,0,0,5.23877,0,6.65957,0,30.2889,3.38085,29.5431,0,0,27.9567,0,0,0,0,0,8.11382,0,72.4436,123.692,0,87.0367,20.3067,0,0,3.74386,0,0,0,0,0,0,0,25.9544,145.106,12.1365,31.0902,0,0,0,0,0,0,0,0,0,0,0,0.602329,0,2.0138,0,0,0,0,116.725,118.636,4.09491,132.328,2.77958,0,2.78771,1.11249,1.06233,36.9405,2.174,0,1.5017,10.7235,90.0919,12.0449,138.216,0,0,0,0,0,0,92.1761,9.98162,13.246,0,5.41278,0,0.853511,1.00158,5.25193,14.7167,0,0,0,0,0,0,0,0,0,27.3603,0,0,0,0,2.16628,91.2967,0,0,0,158.283,0,0,0,0,0,0,0,0,0,0,0,0,0,0,0,0,0,0,0,0,0,0,0,0,0,0,0,0,0,0,0,11.7336,26.1061,32.1801,15.5509,0,0,0,0,0,0,0,0,0,0,0,0,0,3.50589,0,0,4.63555,22.6631,0,0,0,0,19.6367,0,28.4879,3.98571,0,1.7358,0,158.283,158.283,128.209,0,0,0,4.44581,96.1985,115.768,0,0,25.9544,0,0,0,0,0,0,0,0,0,0,0,0,0,0,0,0,0,0,0,0,0,0,0,0,0,0,0,0,0,0,0,0,5.88412,9.04564,0,6.89004,1.95079,0,0,0,0,0,14.6283,154.425,23.7994,146626,846163,177.764
"1283_W9",252.615,7.39538,3.98457,0.669463,177.912,267.758,31.6186,11.7292,206.236,113.511,107.618,231.833,238.182,10.3991,114.878,260.581,172.082,0,14.5957,0,136.036,258.497,271.944,167.757,80.5853,228.896,57.9177,2.08081,361.757,8.17752,18.8541,115.029,12.989,14.6414,54.7827,33.3311,34.4414,25.5724,15.1608,48.9435,78.7903,19.4126,25.5724,140.15,34.4601,49.2675,60.356,138.847,107.979,103.484,2.12048,118.561,259.621,36.1788,4.7045,10.2949,17.1489,28.3332,50.5312,39.5838,257.38,299.347,18.4555,89.0327,270.49,5.78156,10.4289,6.02865,7.85868,5.38717,31.9932,0,2.42627,30.4364,11.8036,252.485,320.985,117.789,113.952,11.7292,36.2062,7.6061,3.77554,3.52992,0,0,23.7468,0,0,0.934518,4.28025,29.3499,69.7463,8.56992,74.3885,48.3842,0,269.536,271.21,135.402,330.236,89.4934,18.4072,55.3348,5.58335,0,211.19,178.647,0,53.73,108.152,286.203,163.701,318.323,38.812,99.4461,0,60.3177,0.866901,230.584,275.177,69.7463,247.684,38.5524,87.4968,32.499,48.889,10.4203,159.249,69.3605,13.2374,30.4997,83.4862,34.1454,9.89256,36.8467,0,0,0,257.181,74.6796,18.1842,11.0269,12.9198,122.116,226.624,29.4583,22.468,2.69895,271.331,0,0,0,0,0,0,0,0,0,0,0,0,0,0,0,0,0,0,0,0,0,0,0,0,0,0,0,0,0,0,0,371.207,227.489,224.733,35.0209,4.82737,7.60623,224.064,9.18742,12.3302,4.19864,35.2281,52.3338,6.84368,106.365,0,163.35,0,17.971,8.92906,11.3049,74.9921,110.679,4.60048,0,1.80135,29.837,183.847,2.33079,291.518,105.553,0,25.9662,0.747182,271.331,271.331,258.01,18.6628,2.72543,2.87738,81.6402,305.468,308.369,0,99.2252,252.485,0,0,0,0,0,0,0,0,0,0,0,0,0,0,0,0,0,0,0,0,0,0,0,0,0,0,0,0,0,0,0,2.09581,184.412,146.273,76.1292,215.085,50.9178,50.6807,9.44748,7.87622,170.934,7.18786,208.551,287.748,79.3384,500544,466857,305.578
"1284_W3",92.1546,0,0,0,16.1481,22.8438,0,0,11.8644,32.4867,52.0377,80.3269,6.18329,0,0,47.1,14.2656,0,0,0,0,126.272,125.768,2.58549,4.49231,41.8236,7.09302,0,120.778,0,0,0,0,0,0,0,0,0,0,0,0,0,0,6.14473,0,7.50984,0,12.01,3.91723,49.7966,0,0,18.1909,0,0,0,0,0,0,0,27.1325,91.5724,0,41.459,55.7468,0,0,0,0,0,0,0,0,0,0,20.0197,140.462,3.25343,30.7146,0,0,0,0,0,0,0,0,0,4.41299,0,1.16211,0,0,0,0,0,0,87.6577,99.4513,2.67306,130.417,0,0,1.14147,0,0,19.0119,0,0,0,14.5509,84.7465,25.3405,115.812,0,0,0,0,0,0,60.8546,23.4455,39.3936,0,2.13379,0,0,0,13.4128,9.19456,0,0,0,0,0,0,0,0,0,17.5189,0,0,0,0,3.29331,51.2543,0,0,0,139.955,0,0,0,0,0,0,0,0,0,0,0,0,0,0,0,0,0,0,0,0,0,0,0,0,0,0,0,0,0,0,0,14.8127,32.3742,37.5235,9.58057,0,0,0,0,0,0,0,0,0,0,0,0,0,14.3853,0,0,1.7745,31.3856,0,0,0,0,21.3755,0,14.0222,0,0,0,0,139.955,139.955,123.525,0,0,0,3.01221,107.251,79.3135,0,0,20.0197,0,0,0,0,0,0,0,0,0,0,0,0,0,0,0,0,0,0,0,0,0,0,0,0,0,0,0,0,0,0,0,0,6.03655,8.02256,0,6.26362,0,0,0,0,0,0,26.3277,125.352,22.4097,141349,852804,173.742
"1284_W9",438.808,0,0,0,141.021,247.621,0,0,182.903,250.616,291.248,372.752,201.76,0,36.5704,420.813,207.367,0,12.5914,0,141.635,332.024,433.582,92.4582,73.787,368.981,0,0,462.179,0,0,34.4869,8.20048,0,21.7527,11.2146,21.127,9.22631,0,20.6692,90.9712,6.50849,9.22631,77.6586,0,32.8445,0,164.831,81.1695,119.352,0,56.0416,235.748,0,6.41223,0,0,8.15905,10.9138,0,237.306,331.261,0,289.117,429.741,0,0,0,0,0,0,2.32632,0,0,0,203.246,409.495,217.1,106.438,0,0,0,0,0,0,0,11.2362,4.38283,0,0,0,0,56.2154,0,30.9679,0,0,422.924,401.427,162.809,489.692,48.707,0,32.7795,0,0,191.797,144.627,0,0,68.8148,408.19,158.509,490.099,1.87473,128.763,41.3685,6.4173,0,224.451,393.475,56.2154,411.489,0,54.256,51.8537,10.0518,0,199.881,214.167,3.68278,0,6.08815,0,0,30.673,0,0,0,235.584,0,1.47439,0,0,115.452,243.165,0,47.3696,0,481.764,0,0,0,0,0,0,0,0,0,0,0,0,0,0,0,0,0,0,0,0,0,0,0,0,0,0,0,0,0,0,0,217.34,238.958,299.404,23.072,0,0,173.513,0,0,0,35.6475,47.8596,0,69.5869,0,186.289,0,247.271,0,0,44.6979,229.003,0,0.585884,0,29.3365,217.048,0,315.288,30.6242,0,15.0647,0,481.764,481.764,302.773,0,0,0,35.4562,495.068,397.109,0,45.4284,203.246,0,0,0,0,0,0,0,0,0,0,0,0,0,0,0,0,0,0,0,0,0,0,0,0,0,0,0,0,0,0,0,0,123.087,161.754,16.3079,223.82,2.24326,4.9103,0,0,131.847,0,254.608,414.999,68.3046,505915,458773,449.43
"1285_W3",87.8792,0,0,0,3.61807,5.81486,0,0,2.35101,52.3643,51.6591,77.3108,1.80987,0,0,12.3898,15.9644,0,0,0,0,116.096,110.511,0,0,56.5841,12.7068,0,123.388,0,1.37167,4.73,0,0,0,0,0,0,0,0,1.14572,0,0,8.12565,0,0,0,39.022,0,57.3124,0,0,13.0928,1.55176,0,0,0,0,3.17601,0,65.7645,101.061,0,83.3391,14.6743,0,0,0,0,0,0,0,0,0,0,10.7325,129.425,5.41853,21.7589,0,0,0,0,0,0,0,0,0,0,0,1.04304,0,1.35639,0,0,0,0,100.204,103.56,0,118.452,0,0,0,1.57967,0.93965,29.5615,0,0,2.6997,5.67413,71.5944,7.26687,115.016,0,0,0,0,3.72816,0,73.8112,5.46467,9.49185,0,0,0,1.73429,1.36455,2.46211,11.0771,0,0,0,0,0,0,0,0,0,12.9861,0,0,0,0,0,81.7972,0,0,0,150.942,0,0,0,0,0,0,0,0,0,0,0,0,0,0,0,0,0,0,0,0,0,0,0,0,0,0,0,0,0,0,0,2.53251,38.2809,26.8004,0,0,0,3.20035,0,0,0,0,0,0,0,0,4.5543,0,3.45248,0,0,0,16.1766,0,0,0,0,0,0,16.8956,4.29182,0,0,0,150.942,150.942,110.511,0,0,0,0,85.3911,96.4015,0,0,10.7325,0,0,0,0,0,0,0,0,0,0,0,0,0,0,0,0,0,0,0,0,0,0,0,0,0,0,0,0,0,0,0,0,2.5805,4.21673,0,1.67399,0,0,0,0,0,0,13.3131,137.822,16.7433,131825,862193,159.457
"1285_W9",197.951,0,0,0,122.805,241.489,0,0,129.732,161.846,183.312,241.742,149.385,0,33.4691,243.85,179.059,1.35892,6.21717,0,170.297,233.019,221.306,154.814,78.7012,221.66,31.7497,0,232.687,0,3.51315,24.4697,6.09321,0,32.8387,20.5277,21.4847,16.2832,0,28.1696,27.8049,0,16.2832,54.8909,46.9796,29.4198,0,125.993,70.8347,88.2082,0,30.1379,182.044,1.62687,38.0792,0,1.95808,7.05604,37.4036,0,141.8,231.028,1.54701,77.6041,252.391,0,0,9.31087,0.748901,0,3.0509,0,1.7938,2.69322,1.211,155.88,254.839,104.965,164.761,0,0,4.95448,0,0,0,0,61.4881,0,0,0,4.86719,0,61.6023,9.1269,36.5194,3.61003,0,225.473,216.62,102.973,281.157,125.535,0,40.4589,2.15695,0,258.211,78.7043,0,2.04201,61.8604,228.991,145.094,233.681,4.68641,147.487,0,28.2851,0,144.229,217.973,91.8581,234.85,0,82.8863,12.5912,4.31986,4.99121,140.714,125.52,0,25.4255,5.25488,3.06928,0,21.2454,0,1.18255,1.18255,177.778,0,0,2.78791,0,66.9324,165.502,0,111.256,11.2343,219.805,0,0,0,0,0,0,0,0,0,0,0,0,0,0,0,0,0,0,0,0,0,0,0,0,0,0,0,0,0,0,0,139.043,143.965,197.373,21.3879,1.70504,0,135.928,26.9387,0,1.45104,68.5019,70.63,2.96536,46.5719,2.45302,106.315,0,96.818,0,0,59.2332,151.414,0,0,0,61.8964,95.2149,0,225.182,21.6936,0,52.2977,0,219.805,219.805,221.306,0,0,0,70.8738,266.131,238.899,0,23.864,155.88,0,0,0,0,0,0,0,0,0,0,0,0,0,0,0,0,0,0,0,0,0,0,0,0,0,0,0,0,0,0,0,1.69374,69.148,143.169,10.0178,171.468,1.96677,4.21277,2.25279,3.31465,92.4806,0,175.803,241.603,160.069,390291,585325,271.943
